[{"model": "admin.logentry", "pk": 1, "fields": {"action_time": "2021-03-29T17:31:13.962Z", "user": 1, "content_type": 7, "object_id": "1", "object_repr": "Profile object (1)", "action_flag": 2, "change_message": "[{\"changed\": {\"fields\": [\"\\u0411\\u0430\\u043b\\u0430\\u043d\\u0441\"]}}]"}}, {"model": "admin.logentry", "pk": 2, "fields": {"action_time": "2021-03-29T17:44:49.505Z", "user": 1, "content_type": 7, "object_id": "1", "object_repr": "Profile object (1)", "action_flag": 2, "change_message": "[{\"changed\": {\"fields\": [\"\\u0421\\u0442\\u0430\\u0442\\u0443\\u0441\"]}}]"}}, {"model": "admin.logentry", "pk": 3, "fields": {"action_time": "2021-03-29T17:45:46.607Z", "user": 1, "content_type": 7, "object_id": "1", "object_repr": "Profile object (1)", "action_flag": 2, "change_message": "[{\"changed\": {\"fields\": [\"\\u0421\\u0442\\u0430\\u0442\\u0443\\u0441\"]}}]"}}, {"model": "admin.logentry", "pk": 4, "fields": {"action_time": "2021-03-29T18:05:35.168Z", "user": 1, "content_type": 7, "object_id": "1", "object_repr": "Profile object (1)", "action_flag": 2, "change_message": "[{\"changed\": {\"fields\": [\"\\u0421\\u0442\\u0430\\u0442\\u0443\\u0441\"]}}]"}}, {"model": "admin.logentry", "pk": 5, "fields": {"action_time": "2021-03-30T16:24:53.196Z", "user": 1, "content_type": 8, "object_id": "1", "object_repr": "Первый магазин", "action_flag": 1, "change_message": "[{\"added\": {}}]"}}, {"model": "admin.logentry", "pk": 6, "fields": {"action_time": "2021-03-30T16:25:01.773Z", "user": 1, "content_type": 8, "object_id": "2", "object_repr": "Второй магазин", "action_flag": 1, "change_message": "[{\"added\": {}}]"}}, {"model": "admin.logentry", "pk": 7, "fields": {"action_time": "2021-03-30T16:25:07.324Z", "user": 1, "content_type": 8, "object_id": "3", "object_repr": "Третий магазин", "action_flag": 1, "change_message": "[{\"added\": {}}]"}}, {"model": "admin.logentry", "pk": 8, "fields": {"action_time": "2021-03-30T16:27:35.021Z", "user": 1, "content_type": 9, "object_id": "1", "object_repr": "Чашка", "action_flag": 1, "change_message": "[{\"added\": {}}]"}}, {"model": "admin.logentry", "pk": 9, "fields": {"action_time": "2021-03-30T16:27:38.692Z", "user": 1, "content_type": 9, "object_id": "2", "object_repr": "Ложка", "action_flag": 1, "change_message": "[{\"added\": {}}]"}}, {"model": "admin.logentry", "pk": 10, "fields": {"action_time": "2021-03-30T16:27:44.072Z", "user": 1, "content_type": 9, "object_id": "3", "object_repr": "Тарелка", "action_flag": 1, "change_message": "[{\"added\": {}}]"}}, {"model": "admin.logentry", "pk": 11, "fields": {"action_time": "2021-03-30T16:38:02.461Z", "user": 1, "content_type": 10, "object_id": "1", "object_repr": "Товар: Чашка; Магазин: Первый магазин; Цена: 10; Количество товара: 5 ", "action_flag": 1, "change_message": "[{\"added\": {}}]"}}, {"model": "admin.logentry", "pk": 12, "fields": {"action_time": "2021-03-30T16:38:08.849Z", "user": 1, "content_type": 10, "object_id": "2", "object_repr": "Товар: Чашка; Магазин: Второй магазин; Цена: 11; Количество товара: 4 ", "action_flag": 1, "change_message": "[{\"added\": {}}]"}}, {"model": "admin.logentry", "pk": 13, "fields": {"action_time": "2021-03-30T16:38:15.368Z", "user": 1, "content_type": 10, "object_id": "3", "object_repr": "Товар: Чашка; Магазин: Третий магазин; Цена: 7; Количество товара: 2 ", "action_flag": 1, "change_message": "[{\"added\": {}}]"}}, {"model": "admin.logentry", "pk": 14, "fields": {"action_time": "2021-03-30T16:38:23.981Z", "user": 1, "content_type": 10, "object_id": "4", "object_repr": "Товар: Ложка; Магазин: Первый магазин; Цена: 8; Количество товара: 90 ", "action_flag": 1, "change_message": "[{\"added\": {}}]"}}, {"model": "admin.logentry", "pk": 15, "fields": {"action_time": "2021-03-30T16:38:31.636Z", "user": 1, "content_type": 10, "object_id": "5", "object_repr": "Товар: Ложка; Магазин: Второй магазин; Цена: 9; Количество товара: 100 ", "action_flag": 1, "change_message": "[{\"added\": {}}]"}}, {"model": "admin.logentry", "pk": 16, "fields": {"action_time": "2021-03-30T16:38:47.762Z", "user": 1, "content_type": 10, "object_id": "6", "object_repr": "Товар: Ложка; Магазин: Второй магазин; Цена: 8; Количество товара: 9 ", "action_flag": 1, "change_message": "[{\"added\": {}}]"}}, {"model": "admin.logentry", "pk": 17, "fields": {"action_time": "2021-03-30T16:39:07.977Z", "user": 1, "content_type": 10, "object_id": "6", "object_repr": "Товар: Ложка; Магазин: Второй магазин; Цена: 8; Количество товара: 9 ", "action_flag": 3, "change_message": ""}}, {"model": "admin.logentry", "pk": 18, "fields": {"action_time": "2021-03-30T16:39:21.335Z", "user": 1, "content_type": 10, "object_id": "7", "object_repr": "Товар: Ложка; Магазин: Третий магазин; Цена: 9; Количество товара: 78 ", "action_flag": 1, "change_message": "[{\"added\": {}}]"}}, {"model": "admin.logentry", "pk": 19, "fields": {"action_time": "2021-03-30T16:39:36.473Z", "user": 1, "content_type": 10, "object_id": "8", "object_repr": "Товар: Тарелка; Магазин: Первый магазин; Цена: 15; Количество товара: 5 ", "action_flag": 1, "change_message": "[{\"added\": {}}]"}}, {"model": "admin.logentry", "pk": 20, "fields": {"action_time": "2021-03-30T16:39:43.111Z", "user": 1, "content_type": 10, "object_id": "9", "object_repr": "Товар: Тарелка; Магазин: Второй магазин; Цена: 56; Количество товара: 8 ", "action_flag": 1, "change_message": "[{\"added\": {}}]"}}, {"model": "admin.logentry", "pk": 21, "fields": {"action_time": "2021-03-30T16:39:56.368Z", "user": 1, "content_type": 10, "object_id": "10", "object_repr": "Товар: Тарелка; Магазин: Третий магазин; Цена: 90; Количество товара: 4 ", "action_flag": 1, "change_message": "[{\"added\": {}}]"}}, {"model": "admin.logentry", "pk": 22, "fields": {"action_time": "2021-03-30T16:45:33.055Z", "user": 1, "content_type": 10, "object_id": "1", "object_repr": "Товар: Чашка; Магазин: Первый магазин; Цена: 15; Количество товара: 6 ", "action_flag": 1, "change_message": "[{\"added\": {}}]"}}, {"model": "admin.logentry", "pk": 23, "fields": {"action_time": "2021-03-30T16:45:51.408Z", "user": 1, "content_type": 10, "object_id": "2", "object_repr": "Товар: Чашка; Магазин: Второй магазин; Цена: 8; Количество товара: 90 ", "action_flag": 1, "change_message": "[{\"added\": {}}]"}}, {"model": "admin.logentry", "pk": 24, "fields": {"action_time": "2021-03-30T16:45:56.727Z", "user": 1, "content_type": 10, "object_id": "3", "object_repr": "Товар: Чашка; Магазин: Третий магазин; Цена: 6; Количество товара: 8 ", "action_flag": 1, "change_message": "[{\"added\": {}}]"}}, {"model": "admin.logentry", "pk": 25, "fields": {"action_time": "2021-03-30T16:46:10.698Z", "user": 1, "content_type": 10, "object_id": "4", "object_repr": "Товар: Ложка; Магазин: Первый магазин; Цена: 10; Количество товара: 10 ", "action_flag": 1, "change_message": "[{\"added\": {}}]"}}, {"model": "admin.logentry", "pk": 26, "fields": {"action_time": "2021-03-30T16:46:17.345Z", "user": 1, "content_type": 10, "object_id": "5", "object_repr": "Товар: Ложка; Магазин: Второй магазин; Цена: 7; Количество товара: 8 ", "action_flag": 1, "change_message": "[{\"added\": {}}]"}}, {"model": "admin.logentry", "pk": 27, "fields": {"action_time": "2021-03-30T16:46:28.408Z", "user": 1, "content_type": 10, "object_id": "6", "object_repr": "Товар: Ложка; Магазин: Третий магазин; Цена: 7; Количество товара: 3 ", "action_flag": 1, "change_message": "[{\"added\": {}}]"}}, {"model": "admin.logentry", "pk": 28, "fields": {"action_time": "2021-03-30T16:46:34.292Z", "user": 1, "content_type": 10, "object_id": "7", "object_repr": "Товар: Тарелка; Магазин: Первый магазин; Цена: 6; Количество товара: 90 ", "action_flag": 1, "change_message": "[{\"added\": {}}]"}}, {"model": "admin.logentry", "pk": 29, "fields": {"action_time": "2021-03-30T16:46:42.171Z", "user": 1, "content_type": 10, "object_id": "8", "object_repr": "Товар: Тарелка; Магазин: Второй магазин; Цена: 7; Количество товара: 80 ", "action_flag": 1, "change_message": "[{\"added\": {}}]"}}, {"model": "admin.logentry", "pk": 30, "fields": {"action_time": "2021-03-30T16:46:51.964Z", "user": 1, "content_type": 10, "object_id": "9", "object_repr": "Товар: Тарелка; Магазин: Третий магазин; Цена: 5; Количество товара: 20 ", "action_flag": 1, "change_message": "[{\"added\": {}}]"}}, {"model": "admin.logentry", "pk": 31, "fields": {"action_time": "2021-03-30T17:04:59.145Z", "user": 1, "content_type": 9, "object_id": "4", "object_repr": "Термос", "action_flag": 1, "change_message": "[{\"added\": {}}]"}}, {"model": "admin.logentry", "pk": 32, "fields": {"action_time": "2021-03-30T17:14:27.481Z", "user": 1, "content_type": 10, "object_id": "2", "object_repr": "Товар: Чашка; Магазин: Второй магазин; Цена: 8; Количество товара: 0 ", "action_flag": 2, "change_message": "[{\"changed\": {\"fields\": [\"\\u041a\\u043e\\u043b\\u0438\\u0447\\u0435\\u0441\\u0442\\u0432\\u043e \\u0442\\u043e\\u0432\\u0430\\u0440\\u0430\"]}}]"}}, {"model": "admin.logentry", "pk": 33, "fields": {"action_time": "2021-03-30T17:43:35.210Z", "user": 1, "content_type": 11, "object_id": "1", "object_repr": "Пользователь: test, товар: Чашка, магазин: Первый магазинцена: 1, количество: 2", "action_flag": 1, "change_message": "[{\"added\": {}}]"}}, {"model": "admin.logentry", "pk": 34, "fields": {"action_time": "2021-03-30T17:48:31.584Z", "user": 1, "content_type": 11, "object_id": "2", "object_repr": "Пользователь: test, товар: Ложка, магазин: Второй магазинцена: 2, количество: 2", "action_flag": 1, "change_message": "[{\"added\": {}}]"}}, {"model": "admin.logentry", "pk": 35, "fields": {"action_time": "2021-03-30T18:25:56.299Z", "user": 1, "content_type": 10, "object_id": "2", "object_repr": "Товар: Чашка; Магазин: Второй магазин; Цена: 8; Количество товара: 1 ", "action_flag": 2, "change_message": "[{\"changed\": {\"fields\": [\"\\u041a\\u043e\\u043b\\u0438\\u0447\\u0435\\u0441\\u0442\\u0432\\u043e \\u0442\\u043e\\u0432\\u0430\\u0440\\u0430\"]}}]"}}, {"model": "admin.logentry", "pk": 36, "fields": {"action_time": "2021-04-01T16:49:58.987Z", "user": 1, "content_type": 10, "object_id": "7", "object_repr": "Товар: Тарелка; Магазин: Первый магазин; Цена: 6; Количество товара: 8 ", "action_flag": 2, "change_message": "[{\"changed\": {\"fields\": [\"\\u041a\\u043e\\u043b\\u0438\\u0447\\u0435\\u0441\\u0442\\u0432\\u043e \\u0442\\u043e\\u0432\\u0430\\u0440\\u0430\"]}}]"}}, {"model": "admin.logentry", "pk": 37, "fields": {"action_time": "2021-04-01T16:50:04.116Z", "user": 1, "content_type": 10, "object_id": "6", "object_repr": "Товар: Ложка; Магазин: Третий магазин; Цена: 7; Количество товара: 5 ", "action_flag": 2, "change_message": "[{\"changed\": {\"fields\": [\"\\u041a\\u043e\\u043b\\u0438\\u0447\\u0435\\u0441\\u0442\\u0432\\u043e \\u0442\\u043e\\u0432\\u0430\\u0440\\u0430\"]}}]"}}, {"model": "admin.logentry", "pk": 38, "fields": {"action_time": "2021-04-01T16:50:08.718Z", "user": 1, "content_type": 10, "object_id": "4", "object_repr": "Товар: Ложка; Магазин: Первый магазин; Цена: 10; Количество товара: 7 ", "action_flag": 2, "change_message": "[{\"changed\": {\"fields\": [\"\\u041a\\u043e\\u043b\\u0438\\u0447\\u0435\\u0441\\u0442\\u0432\\u043e \\u0442\\u043e\\u0432\\u0430\\u0440\\u0430\"]}}]"}}, {"model": "admin.logentry", "pk": 39, "fields": {"action_time": "2021-04-01T16:50:12.357Z", "user": 1, "content_type": 10, "object_id": "2", "object_repr": "Товар: Чашка; Магазин: Второй магазин; Цена: 8; Количество товара: 1 ", "action_flag": 2, "change_message": "[{\"changed\": {\"fields\": [\"\\u041a\\u043e\\u043b\\u0438\\u0447\\u0435\\u0441\\u0442\\u0432\\u043e \\u0442\\u043e\\u0432\\u0430\\u0440\\u0430\"]}}]"}}, {"model": "admin.logentry", "pk": 40, "fields": {"action_time": "2021-04-01T18:41:37.868Z", "user": 1, "content_type": 10, "object_id": "9", "object_repr": "Товар: Тарелка; Магазин: Третий магазин; Цена: 50; Количество товара: 67 ", "action_flag": 2, "change_message": "[{\"changed\": {\"fields\": [\"\\u0426\\u0435\\u043d\\u0430 \\u0442\\u043e\\u0432\\u0430\\u0440\\u0430\", \"\\u041a\\u043e\\u043b\\u0438\\u0447\\u0435\\u0441\\u0442\\u0432\\u043e \\u0442\\u043e\\u0432\\u0430\\u0440\\u0430\"]}}]"}}, {"model": "admin.logentry", "pk": 41, "fields": {"action_time": "2021-04-01T18:55:53.898Z", "user": 1, "content_type": 7, "object_id": "3", "object_repr": "Profile object (3)", "action_flag": 2, "change_message": "[{\"changed\": {\"fields\": [\"\\u0421\\u0442\\u0430\\u0442\\u0443\\u0441\", \"\\u0421\\u0443\\u043c\\u043c\\u0430 \\u043f\\u043e\\u043a\\u0443\\u043f\\u043e\\u043a\"]}}]"}}, {"model": "admin.logentry", "pk": 42, "fields": {"action_time": "2021-04-02T13:56:07.415Z", "user": 1, "content_type": 9, "object_id": "4", "object_repr": "Термос", "action_flag": 3, "change_message": ""}}, {"model": "admin.logentry", "pk": 43, "fields": {"action_time": "2021-04-02T13:56:07.422Z", "user": 1, "content_type": 9, "object_id": "3", "object_repr": "Тарелка", "action_flag": 3, "change_message": ""}}, {"model": "admin.logentry", "pk": 44, "fields": {"action_time": "2021-04-02T13:56:07.425Z", "user": 1, "content_type": 9, "object_id": "2", "object_repr": "Ложка", "action_flag": 3, "change_message": ""}}, {"model": "admin.logentry", "pk": 45, "fields": {"action_time": "2021-04-02T13:56:07.428Z", "user": 1, "content_type": 9, "object_id": "1", "object_repr": "Чашка", "action_flag": 3, "change_message": ""}}, {"model": "admin.logentry", "pk": 46, "fields": {"action_time": "2021-04-02T13:56:46.052Z", "user": 1, "content_type": 10, "object_id": "9", "object_repr": "Товар: Тарелка; Магазин: Третий магазин; Цена: 50; Количество товара: 14 ", "action_flag": 3, "change_message": ""}}, {"model": "admin.logentry", "pk": 47, "fields": {"action_time": "2021-04-02T13:56:46.059Z", "user": 1, "content_type": 10, "object_id": "8", "object_repr": "Товар: Тарелка; Магазин: Второй магазин; Цена: 7; Количество товара: 0 ", "action_flag": 3, "change_message": ""}}, {"model": "admin.logentry", "pk": 48, "fields": {"action_time": "2021-04-02T13:56:46.061Z", "user": 1, "content_type": 10, "object_id": "7", "object_repr": "Товар: Тарелка; Магазин: Первый магазин; Цена: 6; Количество товара: 7 ", "action_flag": 3, "change_message": ""}}, {"model": "admin.logentry", "pk": 49, "fields": {"action_time": "2021-04-02T13:56:46.064Z", "user": 1, "content_type": 10, "object_id": "6", "object_repr": "Товар: Ложка; Магазин: Третий магазин; Цена: 7; Количество товара: 4 ", "action_flag": 3, "change_message": ""}}, {"model": "admin.logentry", "pk": 50, "fields": {"action_time": "2021-04-02T13:56:46.067Z", "user": 1, "content_type": 10, "object_id": "5", "object_repr": "Товар: Ложка; Магазин: Второй магазин; Цена: 7; Количество товара: 5 ", "action_flag": 3, "change_message": ""}}, {"model": "admin.logentry", "pk": 51, "fields": {"action_time": "2021-04-02T13:56:46.069Z", "user": 1, "content_type": 10, "object_id": "4", "object_repr": "Товар: Ложка; Магазин: Первый магазин; Цена: 10; Количество товара: 0 ", "action_flag": 3, "change_message": ""}}, {"model": "admin.logentry", "pk": 52, "fields": {"action_time": "2021-04-02T13:56:46.072Z", "user": 1, "content_type": 10, "object_id": "3", "object_repr": "Товар: Чашка; Магазин: Третий магазин; Цена: 6; Количество товара: 2 ", "action_flag": 3, "change_message": ""}}, {"model": "admin.logentry", "pk": 53, "fields": {"action_time": "2021-04-02T13:56:46.074Z", "user": 1, "content_type": 10, "object_id": "2", "object_repr": "Товар: Чашка; Магазин: Второй магазин; Цена: 8; Количество товара: 0 ", "action_flag": 3, "change_message": ""}}, {"model": "admin.logentry", "pk": 54, "fields": {"action_time": "2021-04-02T13:56:46.077Z", "user": 1, "content_type": 10, "object_id": "1", "object_repr": "Товар: Чашка; Магазин: Первый магазин; Цена: 15; Количество товара: 0 ", "action_flag": 3, "change_message": ""}}, {"model": "admin.logentry", "pk": 55, "fields": {"action_time": "2021-04-02T13:56:54.555Z", "user": 1, "content_type": 12, "object_id": "18", "object_repr": "Дата: 2021-04-01 19:56:41.318561+00:00, Пользователь: test2, товар: Ложка, магазин: Второй магазин, цена: 7, количество: 2", "action_flag": 3, "change_message": ""}}, {"model": "admin.logentry", "pk": 56, "fields": {"action_time": "2021-04-02T13:56:54.565Z", "user": 1, "content_type": 12, "object_id": "17", "object_repr": "Дата: 2021-04-01 19:56:10.761840+00:00, Пользователь: test2, товар: Чашка, магазин: Второй магазин, цена: 8, количество: 1", "action_flag": 3, "change_message": ""}}, {"model": "admin.logentry", "pk": 57, "fields": {"action_time": "2021-04-02T13:56:54.568Z", "user": 1, "content_type": 12, "object_id": "16", "object_repr": "Дата: 2021-04-01 19:56:10.760844+00:00, Пользователь: test2, товар: Тарелка, магазин: Третий магазин, цена: 50, количество: 1", "action_flag": 3, "change_message": ""}}, {"model": "admin.logentry", "pk": 58, "fields": {"action_time": "2021-04-02T13:56:54.570Z", "user": 1, "content_type": 12, "object_id": "15", "object_repr": "Дата: 2021-04-01 19:56:10.758844+00:00, Пользователь: test2, товар: Тарелка, магазин: Первый магазин, цена: 6, количество: 1", "action_flag": 3, "change_message": ""}}, {"model": "admin.logentry", "pk": 59, "fields": {"action_time": "2021-04-02T13:56:54.573Z", "user": 1, "content_type": 12, "object_id": "14", "object_repr": "Дата: 2021-04-01 19:56:10.757841+00:00, Пользователь: test2, товар: Ложка, магазин: Третий магазин, цена: 7, количество: 1", "action_flag": 3, "change_message": ""}}, {"model": "admin.logentry", "pk": 60, "fields": {"action_time": "2021-04-02T13:56:54.576Z", "user": 1, "content_type": 12, "object_id": "13", "object_repr": "Дата: 2021-04-01 19:56:10.756840+00:00, Пользователь: test2, товар: Ложка, магазин: Второй магазин, цена: 7, количество: 1", "action_flag": 3, "change_message": ""}}, {"model": "admin.logentry", "pk": 61, "fields": {"action_time": "2021-04-02T13:56:54.579Z", "user": 1, "content_type": 12, "object_id": "12", "object_repr": "Дата: 2021-04-01 19:56:10.754840+00:00, Пользователь: test2, товар: Чашка, магазин: Третий магазин, цена: 6, количество: 1", "action_flag": 3, "change_message": ""}}, {"model": "admin.logentry", "pk": 62, "fields": {"action_time": "2021-04-02T13:56:54.581Z", "user": 1, "content_type": 12, "object_id": "11", "object_repr": "Дата: 2021-04-01 19:56:10.746722+00:00, Пользователь: test2, товар: Чашка, магазин: Первый магазин, цена: 15, количество: 1", "action_flag": 3, "change_message": ""}}, {"model": "admin.logentry", "pk": 63, "fields": {"action_time": "2021-04-02T13:56:54.584Z", "user": 1, "content_type": 12, "object_id": "10", "object_repr": "Дата: 2021-04-01 18:59:13.385146+00:00, Пользователь: test2, товар: Тарелка, магазин: Третий магазин, цена: 50, количество: 20", "action_flag": 3, "change_message": ""}}, {"model": "admin.logentry", "pk": 64, "fields": {"action_time": "2021-04-02T13:56:54.587Z", "user": 1, "content_type": 12, "object_id": "9", "object_repr": "Дата: 2021-04-01 18:58:42.140980+00:00, Пользователь: test2, товар: Тарелка, магазин: Третий магазин, цена: 50, количество: 2", "action_flag": 3, "change_message": ""}}, {"model": "admin.logentry", "pk": 65, "fields": {"action_time": "2021-04-02T13:56:54.589Z", "user": 1, "content_type": 12, "object_id": "8", "object_repr": "Дата: 2021-04-01 18:42:23.344042+00:00, Пользователь: test2, товар: Тарелка, магазин: Третий магазин, цена: 50, количество: 30", "action_flag": 3, "change_message": ""}}, {"model": "admin.logentry", "pk": 66, "fields": {"action_time": "2021-04-02T13:56:54.592Z", "user": 1, "content_type": 12, "object_id": "7", "object_repr": "Дата: 2021-04-01 18:42:23.341040+00:00, Пользователь: test2, товар: Тарелка, магазин: Второй магазин, цена: 7, количество: 20", "action_flag": 3, "change_message": ""}}, {"model": "admin.logentry", "pk": 67, "fields": {"action_time": "2021-04-02T13:56:54.594Z", "user": 1, "content_type": 12, "object_id": "6", "object_repr": "Дата: 2021-04-01 18:37:27.810089+00:00, Пользователь: test2, товар: Тарелка, магазин: Второй магазин, цена: 7, количество: 50", "action_flag": 3, "change_message": ""}}, {"model": "admin.logentry", "pk": 68, "fields": {"action_time": "2021-04-02T13:56:54.597Z", "user": 1, "content_type": 12, "object_id": "5", "object_repr": "Дата: None, Пользователь: test, товар: Тарелка, магазин: Второй магазин, цена: 7, количество: 10", "action_flag": 3, "change_message": ""}}, {"model": "admin.logentry", "pk": 69, "fields": {"action_time": "2021-04-02T13:56:54.599Z", "user": 1, "content_type": 12, "object_id": "4", "object_repr": "Дата: None, Пользователь: test, товар: Ложка, магазин: Первый магазин, цена: 10, количество: 3", "action_flag": 3, "change_message": ""}}, {"model": "admin.logentry", "pk": 70, "fields": {"action_time": "2021-04-02T13:56:54.602Z", "user": 1, "content_type": 12, "object_id": "3", "object_repr": "Дата: None, Пользователь: test, товар: Чашка, магазин: Третий магазин, цена: 6, количество: 5", "action_flag": 3, "change_message": ""}}, {"model": "admin.logentry", "pk": 71, "fields": {"action_time": "2021-04-02T13:56:54.604Z", "user": 1, "content_type": 12, "object_id": "2", "object_repr": "Дата: None, Пользователь: test, товар: Ложка, магазин: Первый магазин, цена: 10, количество: 4", "action_flag": 3, "change_message": ""}}, {"model": "admin.logentry", "pk": 72, "fields": {"action_time": "2021-04-02T13:56:54.607Z", "user": 1, "content_type": 12, "object_id": "1", "object_repr": "Дата: None, Пользователь: test, товар: Чашка, магазин: Первый магазин, цена: 15, количество: 1", "action_flag": 3, "change_message": ""}}, {"model": "admin.logentry", "pk": 73, "fields": {"action_time": "2021-04-02T13:57:01.438Z", "user": 1, "content_type": 8, "object_id": "3", "object_repr": "Третий магазин", "action_flag": 3, "change_message": ""}}, {"model": "admin.logentry", "pk": 74, "fields": {"action_time": "2021-04-02T13:57:01.447Z", "user": 1, "content_type": 8, "object_id": "2", "object_repr": "Второй магазин", "action_flag": 3, "change_message": ""}}, {"model": "admin.logentry", "pk": 75, "fields": {"action_time": "2021-04-02T13:57:01.450Z", "user": 1, "content_type": 8, "object_id": "1", "object_repr": "Первый магазин", "action_flag": 3, "change_message": ""}}, {"model": "admin.logentry", "pk": 76, "fields": {"action_time": "2021-04-02T13:57:07.290Z", "user": 1, "content_type": 9, "object_id": "4", "object_repr": "Термос", "action_flag": 3, "change_message": ""}}, {"model": "admin.logentry", "pk": 77, "fields": {"action_time": "2021-04-02T13:57:07.296Z", "user": 1, "content_type": 9, "object_id": "3", "object_repr": "Тарелка", "action_flag": 3, "change_message": ""}}, {"model": "admin.logentry", "pk": 78, "fields": {"action_time": "2021-04-02T13:57:07.300Z", "user": 1, "content_type": 9, "object_id": "2", "object_repr": "Ложка", "action_flag": 3, "change_message": ""}}, {"model": "admin.logentry", "pk": 79, "fields": {"action_time": "2021-04-02T13:57:07.302Z", "user": 1, "content_type": 9, "object_id": "1", "object_repr": "Чашка", "action_flag": 3, "change_message": ""}}, {"model": "admin.logentry", "pk": 80, "fields": {"action_time": "2021-04-02T14:04:59.575Z", "user": 1, "content_type": 10, "object_id": "15", "object_repr": "Товар: Тарелка; Магазин: Магазин 5; Цена: 151; Количество товара: 569 ", "action_flag": 3, "change_message": ""}}, {"model": "admin.logentry", "pk": 81, "fields": {"action_time": "2021-04-02T14:04:59.583Z", "user": 1, "content_type": 10, "object_id": "14", "object_repr": "Товар: Тарелка; Магазин: Магазин 2; Цена: 140; Количество товара: 418 ", "action_flag": 3, "change_message": ""}}, {"model": "admin.logentry", "pk": 82, "fields": {"action_time": "2021-04-02T14:04:59.586Z", "user": 1, "content_type": 10, "object_id": "13", "object_repr": "Товар: Термос; Магазин: Магазин 1; Цена: 83; Количество товара: 339 ", "action_flag": 3, "change_message": ""}}, {"model": "admin.logentry", "pk": 83, "fields": {"action_time": "2021-04-02T14:04:59.588Z", "user": 1, "content_type": 10, "object_id": "12", "object_repr": "Товар: Вилка; Магазин: Магазин 2; Цена: 34; Количество товара: 4 ", "action_flag": 3, "change_message": ""}}, {"model": "admin.logentry", "pk": 84, "fields": {"action_time": "2021-04-02T14:04:59.591Z", "user": 1, "content_type": 10, "object_id": "11", "object_repr": "Товар: Кружка; Магазин: Магазин 2; Цена: 28; Количество товара: 495 ", "action_flag": 3, "change_message": ""}}, {"model": "admin.logentry", "pk": 85, "fields": {"action_time": "2021-04-02T14:04:59.594Z", "user": 1, "content_type": 10, "object_id": "10", "object_repr": "Товар: Ложка; Магазин: Магазин 3; Цена: 184; Количество товара: 973 ", "action_flag": 3, "change_message": ""}}, {"model": "admin.logentry", "pk": 86, "fields": {"action_time": "2021-04-02T18:33:24.531Z", "user": 1, "content_type": 12, "object_id": "20", "object_repr": "Дата: 2021-04-02 20:32:57+03:00, Пользователь: test, товар: Ложка, магазин: Магазин 2, цена: 2, количество: 7", "action_flag": 1, "change_message": "[{\"added\": {}}]"}}, {"model": "admin.logentry", "pk": 87, "fields": {"action_time": "2021-04-02T18:45:39.250Z", "user": 1, "content_type": 12, "object_id": "21", "object_repr": "Дата: 2021-04-02 20:45:19+03:00, Пользователь: test1, товар: Ложка, магазин: Магазин 4, цена: 4, количество: 5", "action_flag": 1, "change_message": "[{\"added\": {}}]"}}, {"model": "admin.logentry", "pk": 88, "fields": {"action_time": "2021-04-02T19:12:12.807Z", "user": 1, "content_type": 12, "object_id": "35", "object_repr": "Дата: 2021-04-02 22:00:00+03:00, Пользователь: test1, товар: Вилка, магазин: Магазин 1, цена: 1, количество: 100", "action_flag": 1, "change_message": "[{\"added\": {}}]"}}, {"model": "admin.logentry", "pk": 89, "fields": {"action_time": "2021-04-04T15:06:41.945Z", "user": 1, "content_type": 10, "object_id": "23", "object_repr": "Товар: Тарелка; Магазин: Магазин 1; Цена: 168; Количество товара: 0 ", "action_flag": 2, "change_message": "[{\"changed\": {\"fields\": [\"\\u041a\\u043e\\u043b\\u0438\\u0447\\u0435\\u0441\\u0442\\u0432\\u043e \\u0442\\u043e\\u0432\\u0430\\u0440\\u0430\"]}}]"}}, {"model": "admin.logentry", "pk": 90, "fields": {"action_time": "2021-04-04T15:43:25.001Z", "user": 1, "content_type": 7, "object_id": "3", "object_repr": "Profile object (3)", "action_flag": 2, "change_message": "[{\"changed\": {\"fields\": [\"\\u0411\\u0430\\u043b\\u0430\\u043d\\u0441\"]}}]"}}, {"model": "admin.logentry", "pk": 91, "fields": {"action_time": "2021-04-08T17:39:43.507Z", "user": 1, "content_type": 12, "object_id": "91", "object_repr": "Дата: 2021-04-06 19:29:10.811105+00:00, Пользователь: test2, товар: Холодильник, магазин: Магазин 5, цена: 181, количество: 2", "action_flag": 3, "change_message": ""}}, {"model": "admin.logentry", "pk": 92, "fields": {"action_time": "2021-04-08T17:39:43.548Z", "user": 1, "content_type": 12, "object_id": "90", "object_repr": "Дата: 2021-04-06 19:28:58.463411+00:00, Пользователь: test2, товар: Кружка, магазин: Магазин 2, цена: 7, количество: 3", "action_flag": 3, "change_message": ""}}, {"model": "admin.logentry", "pk": 93, "fields": {"action_time": "2021-04-08T17:39:43.582Z", "user": 1, "content_type": 12, "object_id": "89", "object_repr": "Дата: 2021-04-06 19:28:38.418148+00:00, Пользователь: prod, товар: Ложка, магазин: Магазин 4, цена: 28, количество: 7", "action_flag": 3, "change_message": ""}}, {"model": "admin.logentry", "pk": 94, "fields": {"action_time": "2021-04-08T17:39:43.617Z", "user": 1, "content_type": 12, "object_id": "88", "object_repr": "Дата: 2021-04-06 19:28:38.387148+00:00, Пользователь: prod, товар: Холодильник, магазин: Магазин 2, цена: 87, количество: 3", "action_flag": 3, "change_message": ""}}, {"model": "admin.logentry", "pk": 95, "fields": {"action_time": "2021-04-08T17:39:43.654Z", "user": 1, "content_type": 12, "object_id": "87", "object_repr": "Дата: 2021-04-06 19:28:38.356146+00:00, Пользователь: prod, товар: Холодильник, магазин: Магазин 1, цена: 27, количество: 5", "action_flag": 3, "change_message": ""}}, {"model": "admin.logentry", "pk": 96, "fields": {"action_time": "2021-04-08T17:39:43.688Z", "user": 1, "content_type": 12, "object_id": "86", "object_repr": "Дата: 2021-04-06 19:28:38.327177+00:00, Пользователь: prod, товар: Холодильник, магазин: Магазин 5, цена: 181, количество: 2", "action_flag": 3, "change_message": ""}}, {"model": "admin.logentry", "pk": 97, "fields": {"action_time": "2021-04-08T17:39:43.724Z", "user": 1, "content_type": 12, "object_id": "85", "object_repr": "Дата: 2021-04-06 19:28:09.786448+00:00, Пользователь: prod, товар: Ложка, магазин: Магазин 5, цена: 123, количество: 1", "action_flag": 3, "change_message": ""}}, {"model": "admin.logentry", "pk": 98, "fields": {"action_time": "2021-04-08T17:39:43.757Z", "user": 1, "content_type": 12, "object_id": "84", "object_repr": "Дата: 2021-04-06 17:07:09.892384+00:00, Пользователь: test2, товар: Ложка, магазин: Магазин 4, цена: 28, количество: 2", "action_flag": 3, "change_message": ""}}, {"model": "admin.logentry", "pk": 99, "fields": {"action_time": "2021-04-08T17:39:43.796Z", "user": 1, "content_type": 12, "object_id": "83", "object_repr": "Дата: 2021-04-06 17:07:09.859408+00:00, Пользователь: test2, товар: Холодильник, магазин: Магазин 1, цена: 27, количество: 2", "action_flag": 3, "change_message": ""}}, {"model": "admin.logentry", "pk": 100, "fields": {"action_time": "2021-04-08T17:39:43.838Z", "user": 1, "content_type": 12, "object_id": "82", "object_repr": "Дата: 2021-04-06 17:07:09.826409+00:00, Пользователь: test2, товар: Термос, магазин: Магазин 4, цена: 3, количество: 2", "action_flag": 3, "change_message": ""}}, {"model": "admin.logentry", "pk": 101, "fields": {"action_time": "2021-04-08T17:39:43.877Z", "user": 1, "content_type": 12, "object_id": "81", "object_repr": "Дата: 2021-04-06 17:07:09.796417+00:00, Пользователь: test2, товар: Кружка, магазин: Магазин 2, цена: 7, количество: 2", "action_flag": 3, "change_message": ""}}, {"model": "admin.logentry", "pk": 102, "fields": {"action_time": "2021-04-08T17:39:43.912Z", "user": 1, "content_type": 12, "object_id": "80", "object_repr": "Дата: 2021-04-06 17:05:00.921613+00:00, Пользователь: test2, товар: Ложка, магазин: Магазин 2, цена: 69, количество: 15", "action_flag": 3, "change_message": ""}}, {"model": "admin.logentry", "pk": 103, "fields": {"action_time": "2021-04-08T17:39:43.945Z", "user": 1, "content_type": 12, "object_id": "79", "object_repr": "Дата: 2021-04-06 17:05:00.890585+00:00, Пользователь: test2, товар: Холодильник, магазин: Магазин 5, цена: 181, количество: 1", "action_flag": 3, "change_message": ""}}, {"model": "admin.logentry", "pk": 104, "fields": {"action_time": "2021-04-08T17:39:43.980Z", "user": 1, "content_type": 12, "object_id": "78", "object_repr": "Дата: 2021-04-06 17:05:00.857594+00:00, Пользователь: test2, товар: Термос, магазин: Магазин 2, цена: 111, количество: 2", "action_flag": 3, "change_message": ""}}, {"model": "admin.logentry", "pk": 105, "fields": {"action_time": "2021-04-08T17:39:44.015Z", "user": 1, "content_type": 12, "object_id": "77", "object_repr": "Дата: 2021-04-06 17:05:00.824587+00:00, Пользователь: test2, товар: Ложка, магазин: Магазин 5, цена: 123, количество: 2", "action_flag": 3, "change_message": ""}}, {"model": "admin.logentry", "pk": 106, "fields": {"action_time": "2021-04-08T17:39:44.050Z", "user": 1, "content_type": 12, "object_id": "76", "object_repr": "Дата: 2021-04-06 16:33:56.784437+00:00, Пользователь: test15, товар: Ложка, магазин: Магазин 4, цена: 28, количество: 2", "action_flag": 3, "change_message": ""}}, {"model": "admin.logentry", "pk": 107, "fields": {"action_time": "2021-04-08T17:39:44.086Z", "user": 1, "content_type": 12, "object_id": "75", "object_repr": "Дата: 2021-04-06 16:33:56.755074+00:00, Пользователь: test15, товар: Холодильник, магазин: Магазин 2, цена: 87, количество: 6", "action_flag": 3, "change_message": ""}}, {"model": "admin.logentry", "pk": 108, "fields": {"action_time": "2021-04-08T17:39:44.121Z", "user": 1, "content_type": 12, "object_id": "74", "object_repr": "Дата: 2021-04-06 16:33:56.725073+00:00, Пользователь: test15, товар: Термос, магазин: Магазин 4, цена: 3, количество: 1", "action_flag": 3, "change_message": ""}}, {"model": "admin.logentry", "pk": 109, "fields": {"action_time": "2021-04-08T17:39:44.158Z", "user": 1, "content_type": 12, "object_id": "73", "object_repr": "Дата: 2021-04-06 16:33:56.696099+00:00, Пользователь: test15, товар: Ложка, магазин: Магазин 5, цена: 123, количество: 4", "action_flag": 3, "change_message": ""}}, {"model": "admin.logentry", "pk": 110, "fields": {"action_time": "2021-04-08T17:39:44.192Z", "user": 1, "content_type": 12, "object_id": "72", "object_repr": "Дата: 2021-04-06 16:23:30.874517+00:00, Пользователь: test15, товар: Ложка, магазин: Магазин 3, цена: 140, количество: 8", "action_flag": 3, "change_message": ""}}, {"model": "admin.logentry", "pk": 111, "fields": {"action_time": "2021-04-08T17:39:44.228Z", "user": 1, "content_type": 12, "object_id": "71", "object_repr": "Дата: 2021-04-06 16:15:52.038000+00:00, Пользователь: test14, товар: Ложка, магазин: Магазин 3, цена: 140, количество: 10", "action_flag": 3, "change_message": ""}}, {"model": "admin.logentry", "pk": 112, "fields": {"action_time": "2021-04-08T17:39:44.264Z", "user": 1, "content_type": 12, "object_id": "70", "object_repr": "Дата: 2021-04-06 16:15:19.243219+00:00, Пользователь: test14, товар: Кружка, магазин: Магазин 2, цена: 7, количество: 2", "action_flag": 3, "change_message": ""}}, {"model": "admin.logentry", "pk": 113, "fields": {"action_time": "2021-04-08T17:39:44.298Z", "user": 1, "content_type": 12, "object_id": "69", "object_repr": "Дата: 2021-04-06 16:14:23.930643+00:00, Пользователь: test14, товар: Ложка, магазин: Магазин 4, цена: 28, количество: 4", "action_flag": 3, "change_message": ""}}, {"model": "admin.logentry", "pk": 114, "fields": {"action_time": "2021-04-08T17:39:44.341Z", "user": 1, "content_type": 12, "object_id": "68", "object_repr": "Дата: 2021-04-06 16:11:54.816563+00:00, Пользователь: test13, товар: Ложка, магазин: Магазин 4, цена: 28, количество: 1", "action_flag": 3, "change_message": ""}}, {"model": "admin.logentry", "pk": 115, "fields": {"action_time": "2021-04-08T17:39:44.375Z", "user": 1, "content_type": 12, "object_id": "67", "object_repr": "Дата: 2021-04-06 16:01:52.074066+00:00, Пользователь: test12, товар: Ложка, магазин: Магазин 5, цена: 123, количество: 1", "action_flag": 3, "change_message": ""}}, {"model": "admin.logentry", "pk": 116, "fields": {"action_time": "2021-04-08T17:39:44.411Z", "user": 1, "content_type": 12, "object_id": "66", "object_repr": "Дата: 2021-04-04 18:35:58.851915+00:00, Пользователь: test2, товар: Термос, магазин: Магазин 4, цена: 3, количество: 5", "action_flag": 3, "change_message": ""}}, {"model": "admin.logentry", "pk": 117, "fields": {"action_time": "2021-04-08T17:39:44.447Z", "user": 1, "content_type": 12, "object_id": "65", "object_repr": "Дата: 2021-04-04 18:35:58.849908+00:00, Пользователь: test2, товар: Ложка, магазин: Магазин 5, цена: 123, количество: 5", "action_flag": 3, "change_message": ""}}, {"model": "admin.logentry", "pk": 118, "fields": {"action_time": "2021-04-08T17:39:44.481Z", "user": 1, "content_type": 12, "object_id": "64", "object_repr": "Дата: 2021-04-04 17:25:37.492409+00:00, Пользователь: test2, товар: Ложка, магазин: Магазин 3, цена: 140, количество: 3", "action_flag": 3, "change_message": ""}}, {"model": "admin.logentry", "pk": 119, "fields": {"action_time": "2021-04-08T17:39:44.518Z", "user": 1, "content_type": 12, "object_id": "63", "object_repr": "Дата: 2021-04-04 17:14:18.901044+00:00, Пользователь: test2, товар: Ложка, магазин: Магазин 4, цена: 28, количество: 1", "action_flag": 3, "change_message": ""}}, {"model": "admin.logentry", "pk": 120, "fields": {"action_time": "2021-04-08T17:39:44.552Z", "user": 1, "content_type": 12, "object_id": "62", "object_repr": "Дата: 2021-04-04 17:14:02.650571+00:00, Пользователь: test2, товар: Ложка, магазин: Магазин 3, цена: 140, количество: 1", "action_flag": 3, "change_message": ""}}, {"model": "admin.logentry", "pk": 121, "fields": {"action_time": "2021-04-08T17:39:44.587Z", "user": 1, "content_type": 12, "object_id": "61", "object_repr": "Дата: 2021-04-04 17:12:24.262670+00:00, Пользователь: test2, товар: Ложка, магазин: Магазин 5, цена: 123, количество: 2", "action_flag": 3, "change_message": ""}}, {"model": "admin.logentry", "pk": 122, "fields": {"action_time": "2021-04-08T17:39:44.624Z", "user": 1, "content_type": 12, "object_id": "60", "object_repr": "Дата: 2021-04-04 17:08:21.785412+00:00, Пользователь: test2, товар: Кружка, магазин: Магазин 2, цена: 7, количество: 1", "action_flag": 3, "change_message": ""}}, {"model": "admin.logentry", "pk": 123, "fields": {"action_time": "2021-04-08T17:39:44.659Z", "user": 1, "content_type": 12, "object_id": "59", "object_repr": "Дата: 2021-04-04 17:05:20.968106+00:00, Пользователь: test2, товар: Ложка, магазин: Магазин 4, цена: 28, количество: 1", "action_flag": 3, "change_message": ""}}, {"model": "admin.logentry", "pk": 124, "fields": {"action_time": "2021-04-08T17:39:44.693Z", "user": 1, "content_type": 12, "object_id": "58", "object_repr": "Дата: 2021-04-04 17:05:20.968106+00:00, Пользователь: test2, товар: Ложка, магазин: Магазин 2, цена: 69, количество: 1", "action_flag": 3, "change_message": ""}}, {"model": "admin.logentry", "pk": 125, "fields": {"action_time": "2021-04-08T17:39:44.727Z", "user": 1, "content_type": 12, "object_id": "57", "object_repr": "Дата: 2021-04-04 17:05:09.957857+00:00, Пользователь: test2, товар: Ложка, магазин: Магазин 4, цена: 28, количество: 1", "action_flag": 3, "change_message": ""}}, {"model": "admin.logentry", "pk": 126, "fields": {"action_time": "2021-04-08T17:39:44.762Z", "user": 1, "content_type": 12, "object_id": "56", "object_repr": "Дата: 2021-04-04 15:47:10.481185+00:00, Пользователь: test, товар: Ложка, магазин: Магазин 3, цена: 140, количество: 1", "action_flag": 3, "change_message": ""}}, {"model": "admin.logentry", "pk": 127, "fields": {"action_time": "2021-04-08T17:39:44.797Z", "user": 1, "content_type": 12, "object_id": "55", "object_repr": "Дата: 2021-04-04 15:47:10.481185+00:00, Пользователь: test, товар: Ложка, магазин: Магазин 5, цена: 123, количество: 1", "action_flag": 3, "change_message": ""}}, {"model": "admin.logentry", "pk": 128, "fields": {"action_time": "2021-04-08T17:39:44.831Z", "user": 1, "content_type": 12, "object_id": "54", "object_repr": "Дата: 2021-04-04 15:47:10.481185+00:00, Пользователь: test, товар: Ложка, магазин: Магазин 3, цена: 140, количество: 2", "action_flag": 3, "change_message": ""}}, {"model": "admin.logentry", "pk": 129, "fields": {"action_time": "2021-04-08T17:39:44.867Z", "user": 1, "content_type": 12, "object_id": "53", "object_repr": "Дата: 2021-04-04 15:47:10.481185+00:00, Пользователь: test, товар: Ложка, магазин: Магазин 5, цена: 123, количество: 10", "action_flag": 3, "change_message": ""}}, {"model": "admin.logentry", "pk": 130, "fields": {"action_time": "2021-04-08T17:39:44.905Z", "user": 1, "content_type": 12, "object_id": "52", "object_repr": "Дата: 2021-04-04 15:47:10.481185+00:00, Пользователь: test2, товар: Холодильник, магазин: Магазин 2, цена: 87, количество: 1", "action_flag": 3, "change_message": ""}}, {"model": "admin.logentry", "pk": 131, "fields": {"action_time": "2021-04-08T17:39:44.944Z", "user": 1, "content_type": 12, "object_id": "51", "object_repr": "Дата: 2021-04-04 15:47:10.481185+00:00, Пользователь: test2, товар: Холодильник, магазин: Магазин 1, цена: 27, количество: 1", "action_flag": 3, "change_message": ""}}, {"model": "admin.logentry", "pk": 132, "fields": {"action_time": "2021-04-08T17:39:44.979Z", "user": 1, "content_type": 12, "object_id": "50", "object_repr": "Дата: 2021-04-04 15:47:10.481185+00:00, Пользователь: test2, товар: Холодильник, магазин: Магазин 5, цена: 181, количество: 1", "action_flag": 3, "change_message": ""}}, {"model": "admin.logentry", "pk": 133, "fields": {"action_time": "2021-04-08T17:39:45.014Z", "user": 1, "content_type": 12, "object_id": "49", "object_repr": "Дата: 2021-04-04 15:47:10.481185+00:00, Пользователь: test2, товар: Термос, магазин: Магазин 2, цена: 111, количество: 1", "action_flag": 3, "change_message": ""}}, {"model": "admin.logentry", "pk": 134, "fields": {"action_time": "2021-04-08T17:39:45.048Z", "user": 1, "content_type": 12, "object_id": "48", "object_repr": "Дата: 2021-04-04 15:47:10.481185+00:00, Пользователь: test2, товар: Ложка, магазин: Магазин 3, цена: 140, количество: 2", "action_flag": 3, "change_message": ""}}, {"model": "admin.logentry", "pk": 135, "fields": {"action_time": "2021-04-08T17:39:45.082Z", "user": 1, "content_type": 12, "object_id": "47", "object_repr": "Дата: 2021-04-04 15:47:10.481185+00:00, Пользователь: test2, товар: Кружка, магазин: Магазин 2, цена: 7, количество: 1", "action_flag": 3, "change_message": ""}}, {"model": "admin.logentry", "pk": 136, "fields": {"action_time": "2021-04-08T17:39:45.118Z", "user": 1, "content_type": 12, "object_id": "46", "object_repr": "Дата: 2021-04-04 15:47:10.481185+00:00, Пользователь: test2, товар: Ложка, магазин: Магазин 5, цена: 123, количество: 2", "action_flag": 3, "change_message": ""}}, {"model": "admin.logentry", "pk": 137, "fields": {"action_time": "2021-04-08T17:39:45.152Z", "user": 1, "content_type": 12, "object_id": "45", "object_repr": "Дата: 2021-04-04 15:47:10.481185+00:00, Пользователь: test2, товар: Ложка, магазин: Магазин 5, цена: 123, количество: 1", "action_flag": 3, "change_message": ""}}, {"model": "admin.logentry", "pk": 138, "fields": {"action_time": "2021-04-08T17:39:45.186Z", "user": 1, "content_type": 12, "object_id": "44", "object_repr": "Дата: 2021-04-04 15:47:10.481185+00:00, Пользователь: test2, товар: Термос, магазин: Магазин 4, цена: 3, количество: 4", "action_flag": 3, "change_message": ""}}, {"model": "admin.logentry", "pk": 139, "fields": {"action_time": "2021-04-08T17:39:45.222Z", "user": 1, "content_type": 12, "object_id": "43", "object_repr": "Дата: 2021-04-04 15:47:10.481185+00:00, Пользователь: test2, товар: Ложка, магазин: Магазин 5, цена: 123, количество: 3", "action_flag": 3, "change_message": ""}}, {"model": "admin.logentry", "pk": 140, "fields": {"action_time": "2021-04-08T17:39:45.256Z", "user": 1, "content_type": 12, "object_id": "42", "object_repr": "Дата: 2021-04-04 13:24:36.116779+00:00, Пользователь: test2, товар: Ложка, магазин: Магазин 2, цена: 69, количество: 1", "action_flag": 3, "change_message": ""}}, {"model": "admin.logentry", "pk": 141, "fields": {"action_time": "2021-04-08T17:39:45.289Z", "user": 1, "content_type": 12, "object_id": "41", "object_repr": "Дата: 2021-04-04 13:24:36.116779+00:00, Пользователь: test2, товар: Термос, магазин: Магазин 4, цена: 3, количество: 2", "action_flag": 3, "change_message": ""}}, {"model": "admin.logentry", "pk": 142, "fields": {"action_time": "2021-04-08T17:39:45.325Z", "user": 1, "content_type": 12, "object_id": "40", "object_repr": "Дата: 2021-04-04 06:32:25.117187+00:00, Пользователь: test2, товар: Ложка, магазин: Магазин 5, цена: 123, количество: 2", "action_flag": 3, "change_message": ""}}, {"model": "admin.logentry", "pk": 143, "fields": {"action_time": "2021-04-08T17:39:45.359Z", "user": 1, "content_type": 12, "object_id": "39", "object_repr": "Дата: 2021-04-04 06:26:05.381481+00:00, Пользователь: test2, товар: Холодильник, магазин: Магазин 1, цена: 27, количество: 10", "action_flag": 3, "change_message": ""}}, {"model": "admin.logentry", "pk": 144, "fields": {"action_time": "2021-04-08T17:39:45.394Z", "user": 1, "content_type": 12, "object_id": "38", "object_repr": "Дата: 2021-04-04 06:26:05.381481+00:00, Пользователь: test2, товар: Кружка, магазин: Магазин 2, цена: 7, количество: 10", "action_flag": 3, "change_message": ""}}, {"model": "admin.logentry", "pk": 145, "fields": {"action_time": "2021-04-08T17:39:45.429Z", "user": 1, "content_type": 12, "object_id": "37", "object_repr": "Дата: 2021-04-04 06:26:05.381481+00:00, Пользователь: test2, товар: Ложка, магазин: Магазин 5, цена: 123, количество: 8", "action_flag": 3, "change_message": ""}}, {"model": "admin.logentry", "pk": 146, "fields": {"action_time": "2021-04-08T17:39:45.464Z", "user": 1, "content_type": 12, "object_id": "36", "object_repr": "Дата: 2021-04-04 06:26:05.381481+00:00, Пользователь: test2, товар: Ложка, магазин: Магазин 3, цена: 140, количество: 6", "action_flag": 3, "change_message": ""}}, {"model": "admin.logentry", "pk": 147, "fields": {"action_time": "2021-04-08T17:39:45.498Z", "user": 1, "content_type": 12, "object_id": "35", "object_repr": "Дата: 2021-04-02 19:00:00+00:00, Пользователь: test1, товар: Вилка, магазин: Магазин 1, цена: 1, количество: 100", "action_flag": 3, "change_message": ""}}, {"model": "admin.logentry", "pk": 148, "fields": {"action_time": "2021-04-08T17:39:45.533Z", "user": 1, "content_type": 12, "object_id": "34", "object_repr": "Дата: 2021-04-02 19:03:10.653804+00:00, Пользователь: test2, товар: Тарелка, магазин: Магазин 1, цена: 168, количество: 30", "action_flag": 3, "change_message": ""}}, {"model": "admin.logentry", "pk": 149, "fields": {"action_time": "2021-04-08T17:39:45.569Z", "user": 1, "content_type": 12, "object_id": "33", "object_repr": "Дата: 2021-04-02 19:03:10.653804+00:00, Пользователь: test2, товар: Ложка, магазин: Магазин 5, цена: 123, количество: 3", "action_flag": 3, "change_message": ""}}, {"model": "admin.logentry", "pk": 150, "fields": {"action_time": "2021-04-08T17:39:45.604Z", "user": 1, "content_type": 12, "object_id": "32", "object_repr": "Дата: 2021-04-02 18:48:59.270771+00:00, Пользователь: test2, товар: Холодильник, магазин: Магазин 2, цена: 87, количество: 7", "action_flag": 3, "change_message": ""}}, {"model": "admin.logentry", "pk": 151, "fields": {"action_time": "2021-04-08T17:39:45.639Z", "user": 1, "content_type": 12, "object_id": "31", "object_repr": "Дата: 2021-04-02 18:48:59.270771+00:00, Пользователь: test2, товар: Холодильник, магазин: Магазин 1, цена: 27, количество: 2", "action_flag": 3, "change_message": ""}}, {"model": "admin.logentry", "pk": 152, "fields": {"action_time": "2021-04-08T17:39:45.672Z", "user": 1, "content_type": 12, "object_id": "30", "object_repr": "Дата: 2021-04-02 18:48:59.270771+00:00, Пользователь: test2, товар: Холодильник, магазин: Магазин 5, цена: 181, количество: 6", "action_flag": 3, "change_message": ""}}, {"model": "admin.logentry", "pk": 153, "fields": {"action_time": "2021-04-08T17:39:45.706Z", "user": 1, "content_type": 12, "object_id": "29", "object_repr": "Дата: 2021-04-02 18:48:59.270771+00:00, Пользователь: test2, товар: Тарелка, магазин: Магазин 1, цена: 168, количество: 5", "action_flag": 3, "change_message": ""}}, {"model": "admin.logentry", "pk": 154, "fields": {"action_time": "2021-04-08T17:39:45.741Z", "user": 1, "content_type": 12, "object_id": "28", "object_repr": "Дата: 2021-04-02 18:48:59.270771+00:00, Пользователь: test2, товар: Термос, магазин: Магазин 2, цена: 111, количество: 3", "action_flag": 3, "change_message": ""}}, {"model": "admin.logentry", "pk": 155, "fields": {"action_time": "2021-04-08T17:39:45.775Z", "user": 1, "content_type": 12, "object_id": "27", "object_repr": "Дата: 2021-04-02 18:48:59.270771+00:00, Пользователь: test2, товар: Термос, магазин: Магазин 4, цена: 3, количество: 1", "action_flag": 3, "change_message": ""}}, {"model": "admin.logentry", "pk": 156, "fields": {"action_time": "2021-04-08T17:39:45.813Z", "user": 1, "content_type": 12, "object_id": "26", "object_repr": "Дата: 2021-04-02 18:48:59.270771+00:00, Пользователь: test2, товар: Кружка, магазин: Магазин 2, цена: 7, количество: 10", "action_flag": 3, "change_message": ""}}, {"model": "admin.logentry", "pk": 157, "fields": {"action_time": "2021-04-08T17:39:45.847Z", "user": 1, "content_type": 12, "object_id": "25", "object_repr": "Дата: 2021-04-02 18:48:59.270771+00:00, Пользователь: test2, товар: Ложка, магазин: Магазин 2, цена: 69, количество: 5", "action_flag": 3, "change_message": ""}}, {"model": "admin.logentry", "pk": 158, "fields": {"action_time": "2021-04-08T17:39:45.881Z", "user": 1, "content_type": 12, "object_id": "24", "object_repr": "Дата: 2021-04-02 18:48:59.270771+00:00, Пользователь: test2, товар: Ложка, магазин: Магазин 4, цена: 28, количество: 2", "action_flag": 3, "change_message": ""}}, {"model": "admin.logentry", "pk": 159, "fields": {"action_time": "2021-04-08T17:39:45.920Z", "user": 1, "content_type": 12, "object_id": "23", "object_repr": "Дата: 2021-04-02 18:48:59.270771+00:00, Пользователь: test2, товар: Ложка, магазин: Магазин 3, цена: 140, количество: 3", "action_flag": 3, "change_message": ""}}, {"model": "admin.logentry", "pk": 160, "fields": {"action_time": "2021-04-08T17:39:45.955Z", "user": 1, "content_type": 12, "object_id": "22", "object_repr": "Дата: 2021-04-02 18:48:59.270771+00:00, Пользователь: test2, товар: Ложка, магазин: Магазин 5, цена: 123, количество: 2", "action_flag": 3, "change_message": ""}}, {"model": "admin.logentry", "pk": 161, "fields": {"action_time": "2021-04-08T17:39:45.995Z", "user": 1, "content_type": 12, "object_id": "21", "object_repr": "Дата: 2021-04-02 17:45:19+00:00, Пользователь: test1, товар: Ложка, магазин: Магазин 4, цена: 4, количество: 5", "action_flag": 3, "change_message": ""}}, {"model": "admin.logentry", "pk": 162, "fields": {"action_time": "2021-04-08T17:39:46.035Z", "user": 1, "content_type": 12, "object_id": "20", "object_repr": "Дата: 2021-04-02 17:32:57+00:00, Пользователь: test, товар: Ложка, магазин: Магазин 2, цена: 2, количество: 7", "action_flag": 3, "change_message": ""}}, {"model": "admin.logentry", "pk": 163, "fields": {"action_time": "2021-04-08T17:39:46.071Z", "user": 1, "content_type": 12, "object_id": "19", "object_repr": "Дата: 2021-04-02 13:55:14.651021+00:00, Пользователь: test2, товар: Холодильник, магазин: Магазин 5, цена: 181, количество: 6", "action_flag": 3, "change_message": ""}}, {"model": "admin.logentry", "pk": 164, "fields": {"action_time": "2021-04-08T17:39:53.949Z", "user": 1, "content_type": 11, "object_id": "51", "object_repr": "Пользователь: Stanislav, товар: Ложка, магазин: Магазин 5, цена: 123, количество: 7", "action_flag": 3, "change_message": ""}}, {"model": "admin.logentry", "pk": 165, "fields": {"action_time": "2021-04-08T17:39:53.987Z", "user": 1, "content_type": 11, "object_id": "41", "object_repr": "Пользователь: test5, товар: Ложка, магазин: Магазин 5, цена: 123, количество: 7", "action_flag": 3, "change_message": ""}}, {"model": "admin.logentry", "pk": 166, "fields": {"action_time": "2021-04-08T17:40:07.417Z", "user": 1, "content_type": 10, "object_id": "26", "object_repr": "Товар: Холодильник; Магазин: Магазин 2; Цена: 87; Количество товара: 753 ", "action_flag": 3, "change_message": ""}}, {"model": "admin.logentry", "pk": 167, "fields": {"action_time": "2021-04-08T17:40:07.457Z", "user": 1, "content_type": 10, "object_id": "25", "object_repr": "Товар: Холодильник; Магазин: Магазин 1; Цена: 27; Количество товара: 446 ", "action_flag": 3, "change_message": ""}}, {"model": "admin.logentry", "pk": 168, "fields": {"action_time": "2021-04-08T17:40:07.492Z", "user": 1, "content_type": 10, "object_id": "24", "object_repr": "Товар: Холодильник; Магазин: Магазин 5; Цена: 181; Количество товара: 479 ", "action_flag": 3, "change_message": ""}}, {"model": "admin.logentry", "pk": 169, "fields": {"action_time": "2021-04-08T17:40:07.526Z", "user": 1, "content_type": 10, "object_id": "23", "object_repr": "Товар: Тарелка; Магазин: Магазин 1; Цена: 168; Количество товара: 0 ", "action_flag": 3, "change_message": ""}}, {"model": "admin.logentry", "pk": 170, "fields": {"action_time": "2021-04-08T17:40:07.562Z", "user": 1, "content_type": 10, "object_id": "22", "object_repr": "Товар: Термос; Магазин: Магазин 2; Цена: 111; Количество товара: 317 ", "action_flag": 3, "change_message": ""}}, {"model": "admin.logentry", "pk": 171, "fields": {"action_time": "2021-04-08T17:40:07.600Z", "user": 1, "content_type": 10, "object_id": "21", "object_repr": "Товар: Термос; Магазин: Магазин 4; Цена: 3; Количество товара: 786 ", "action_flag": 3, "change_message": ""}}, {"model": "admin.logentry", "pk": 172, "fields": {"action_time": "2021-04-08T17:40:07.638Z", "user": 1, "content_type": 10, "object_id": "20", "object_repr": "Товар: Кружка; Магазин: Магазин 2; Цена: 7; Количество товара: 302 ", "action_flag": 3, "change_message": ""}}, {"model": "admin.logentry", "pk": 173, "fields": {"action_time": "2021-04-08T17:40:07.678Z", "user": 1, "content_type": 10, "object_id": "19", "object_repr": "Товар: Ложка; Магазин: Магазин 2; Цена: 69; Количество товара: 344 ", "action_flag": 3, "change_message": ""}}, {"model": "admin.logentry", "pk": 174, "fields": {"action_time": "2021-04-08T17:40:07.713Z", "user": 1, "content_type": 10, "object_id": "18", "object_repr": "Товар: Ложка; Магазин: Магазин 4; Цена: 28; Количество товара: 342 ", "action_flag": 3, "change_message": ""}}, {"model": "admin.logentry", "pk": 175, "fields": {"action_time": "2021-04-08T17:40:07.747Z", "user": 1, "content_type": 10, "object_id": "17", "object_repr": "Товар: Ложка; Магазин: Магазин 3; Цена: 140; Количество товара: 561 ", "action_flag": 3, "change_message": ""}}, {"model": "admin.logentry", "pk": 176, "fields": {"action_time": "2021-04-08T17:40:07.783Z", "user": 1, "content_type": 10, "object_id": "16", "object_repr": "Товар: Ложка; Магазин: Магазин 5; Цена: 123; Количество товара: 304 ", "action_flag": 3, "change_message": ""}}, {"model": "admin.logentry", "pk": 177, "fields": {"action_time": "2021-04-08T17:40:14.465Z", "user": 1, "content_type": 8, "object_id": "8", "object_repr": "Магазин 5", "action_flag": 3, "change_message": ""}}, {"model": "admin.logentry", "pk": 178, "fields": {"action_time": "2021-04-08T17:40:14.501Z", "user": 1, "content_type": 8, "object_id": "7", "object_repr": "Магазин 4", "action_flag": 3, "change_message": ""}}, {"model": "admin.logentry", "pk": 179, "fields": {"action_time": "2021-04-08T17:40:14.535Z", "user": 1, "content_type": 8, "object_id": "6", "object_repr": "Магазин 3", "action_flag": 3, "change_message": ""}}, {"model": "admin.logentry", "pk": 180, "fields": {"action_time": "2021-04-08T17:40:14.570Z", "user": 1, "content_type": 8, "object_id": "5", "object_repr": "Магазин 2", "action_flag": 3, "change_message": ""}}, {"model": "admin.logentry", "pk": 181, "fields": {"action_time": "2021-04-08T17:40:14.604Z", "user": 1, "content_type": 8, "object_id": "4", "object_repr": "Магазин 1", "action_flag": 3, "change_message": ""}}, {"model": "admin.logentry", "pk": 182, "fields": {"action_time": "2021-04-08T17:41:57.358Z", "user": 1, "content_type": 12, "object_id": "91", "object_repr": "Дата: 2021-04-06 19:29:10.811000+00:00, Пользователь: test2, товар: Холодильник, магазин: Магазин 5, цена: 181, количество: 2", "action_flag": 3, "change_message": ""}}, {"model": "admin.logentry", "pk": 183, "fields": {"action_time": "2021-04-08T17:41:57.399Z", "user": 1, "content_type": 12, "object_id": "90", "object_repr": "Дата: 2021-04-06 19:28:58.463000+00:00, Пользователь: test2, товар: Кружка, магазин: Магазин 2, цена: 7, количество: 3", "action_flag": 3, "change_message": ""}}, {"model": "admin.logentry", "pk": 184, "fields": {"action_time": "2021-04-08T17:41:57.434Z", "user": 1, "content_type": 12, "object_id": "89", "object_repr": "Дата: 2021-04-06 19:28:38.418000+00:00, Пользователь: prod, товар: Ложка, магазин: Магазин 4, цена: 28, количество: 7", "action_flag": 3, "change_message": ""}}, {"model": "admin.logentry", "pk": 185, "fields": {"action_time": "2021-04-08T17:41:57.467Z", "user": 1, "content_type": 12, "object_id": "88", "object_repr": "Дата: 2021-04-06 19:28:38.387000+00:00, Пользователь: prod, товар: Холодильник, магазин: Магазин 2, цена: 87, количество: 3", "action_flag": 3, "change_message": ""}}, {"model": "admin.logentry", "pk": 186, "fields": {"action_time": "2021-04-08T17:41:57.501Z", "user": 1, "content_type": 12, "object_id": "87", "object_repr": "Дата: 2021-04-06 19:28:38.356000+00:00, Пользователь: prod, товар: Холодильник, магазин: Магазин 1, цена: 27, количество: 5", "action_flag": 3, "change_message": ""}}, {"model": "admin.logentry", "pk": 187, "fields": {"action_time": "2021-04-08T17:41:57.536Z", "user": 1, "content_type": 12, "object_id": "86", "object_repr": "Дата: 2021-04-06 19:28:38.327000+00:00, Пользователь: prod, товар: Холодильник, магазин: Магазин 5, цена: 181, количество: 2", "action_flag": 3, "change_message": ""}}, {"model": "admin.logentry", "pk": 188, "fields": {"action_time": "2021-04-08T17:41:57.572Z", "user": 1, "content_type": 12, "object_id": "85", "object_repr": "Дата: 2021-04-06 19:28:09.786000+00:00, Пользователь: prod, товар: Ложка, магазин: Магазин 5, цена: 123, количество: 1", "action_flag": 3, "change_message": ""}}, {"model": "admin.logentry", "pk": 189, "fields": {"action_time": "2021-04-08T17:41:57.611Z", "user": 1, "content_type": 12, "object_id": "84", "object_repr": "Дата: 2021-04-06 17:07:09.892000+00:00, Пользователь: test2, товар: Ложка, магазин: Магазин 4, цена: 28, количество: 2", "action_flag": 3, "change_message": ""}}, {"model": "admin.logentry", "pk": 190, "fields": {"action_time": "2021-04-08T17:41:57.644Z", "user": 1, "content_type": 12, "object_id": "83", "object_repr": "Дата: 2021-04-06 17:07:09.859000+00:00, Пользователь: test2, товар: Холодильник, магазин: Магазин 1, цена: 27, количество: 2", "action_flag": 3, "change_message": ""}}, {"model": "admin.logentry", "pk": 191, "fields": {"action_time": "2021-04-08T17:41:57.678Z", "user": 1, "content_type": 12, "object_id": "82", "object_repr": "Дата: 2021-04-06 17:07:09.826000+00:00, Пользователь: test2, товар: Термос, магазин: Магазин 4, цена: 3, количество: 2", "action_flag": 3, "change_message": ""}}, {"model": "admin.logentry", "pk": 192, "fields": {"action_time": "2021-04-08T17:41:57.714Z", "user": 1, "content_type": 12, "object_id": "81", "object_repr": "Дата: 2021-04-06 17:07:09.796000+00:00, Пользователь: test2, товар: Кружка, магазин: Магазин 2, цена: 7, количество: 2", "action_flag": 3, "change_message": ""}}, {"model": "admin.logentry", "pk": 193, "fields": {"action_time": "2021-04-08T17:41:57.747Z", "user": 1, "content_type": 12, "object_id": "80", "object_repr": "Дата: 2021-04-06 17:05:00.921000+00:00, Пользователь: test2, товар: Ложка, магазин: Магазин 2, цена: 69, количество: 15", "action_flag": 3, "change_message": ""}}, {"model": "admin.logentry", "pk": 194, "fields": {"action_time": "2021-04-08T17:41:57.781Z", "user": 1, "content_type": 12, "object_id": "79", "object_repr": "Дата: 2021-04-06 17:05:00.890000+00:00, Пользователь: test2, товар: Холодильник, магазин: Магазин 5, цена: 181, количество: 1", "action_flag": 3, "change_message": ""}}, {"model": "admin.logentry", "pk": 195, "fields": {"action_time": "2021-04-08T17:41:57.816Z", "user": 1, "content_type": 12, "object_id": "78", "object_repr": "Дата: 2021-04-06 17:05:00.857000+00:00, Пользователь: test2, товар: Термос, магазин: Магазин 2, цена: 111, количество: 2", "action_flag": 3, "change_message": ""}}, {"model": "admin.logentry", "pk": 196, "fields": {"action_time": "2021-04-08T17:41:57.850Z", "user": 1, "content_type": 12, "object_id": "77", "object_repr": "Дата: 2021-04-06 17:05:00.824000+00:00, Пользователь: test2, товар: Ложка, магазин: Магазин 5, цена: 123, количество: 2", "action_flag": 3, "change_message": ""}}, {"model": "admin.logentry", "pk": 197, "fields": {"action_time": "2021-04-08T17:41:57.883Z", "user": 1, "content_type": 12, "object_id": "76", "object_repr": "Дата: 2021-04-06 16:33:56.784000+00:00, Пользователь: test15, товар: Ложка, магазин: Магазин 4, цена: 28, количество: 2", "action_flag": 3, "change_message": ""}}, {"model": "admin.logentry", "pk": 198, "fields": {"action_time": "2021-04-08T17:41:57.917Z", "user": 1, "content_type": 12, "object_id": "75", "object_repr": "Дата: 2021-04-06 16:33:56.755000+00:00, Пользователь: test15, товар: Холодильник, магазин: Магазин 2, цена: 87, количество: 6", "action_flag": 3, "change_message": ""}}, {"model": "admin.logentry", "pk": 199, "fields": {"action_time": "2021-04-08T17:41:57.950Z", "user": 1, "content_type": 12, "object_id": "74", "object_repr": "Дата: 2021-04-06 16:33:56.725000+00:00, Пользователь: test15, товар: Термос, магазин: Магазин 4, цена: 3, количество: 1", "action_flag": 3, "change_message": ""}}, {"model": "admin.logentry", "pk": 200, "fields": {"action_time": "2021-04-08T17:41:57.984Z", "user": 1, "content_type": 12, "object_id": "73", "object_repr": "Дата: 2021-04-06 16:33:56.696000+00:00, Пользователь: test15, товар: Ложка, магазин: Магазин 5, цена: 123, количество: 4", "action_flag": 3, "change_message": ""}}, {"model": "admin.logentry", "pk": 201, "fields": {"action_time": "2021-04-08T17:41:58.021Z", "user": 1, "content_type": 12, "object_id": "72", "object_repr": "Дата: 2021-04-06 16:23:30.874000+00:00, Пользователь: test15, товар: Ложка, магазин: Магазин 3, цена: 140, количество: 8", "action_flag": 3, "change_message": ""}}, {"model": "admin.logentry", "pk": 202, "fields": {"action_time": "2021-04-08T17:41:58.055Z", "user": 1, "content_type": 12, "object_id": "71", "object_repr": "Дата: 2021-04-06 16:15:52.038000+00:00, Пользователь: test14, товар: Ложка, магазин: Магазин 3, цена: 140, количество: 10", "action_flag": 3, "change_message": ""}}, {"model": "admin.logentry", "pk": 203, "fields": {"action_time": "2021-04-08T17:41:58.089Z", "user": 1, "content_type": 12, "object_id": "70", "object_repr": "Дата: 2021-04-06 16:15:19.243000+00:00, Пользователь: test14, товар: Кружка, магазин: Магазин 2, цена: 7, количество: 2", "action_flag": 3, "change_message": ""}}, {"model": "admin.logentry", "pk": 204, "fields": {"action_time": "2021-04-08T17:41:58.124Z", "user": 1, "content_type": 12, "object_id": "69", "object_repr": "Дата: 2021-04-06 16:14:23.930000+00:00, Пользователь: test14, товар: Ложка, магазин: Магазин 4, цена: 28, количество: 4", "action_flag": 3, "change_message": ""}}, {"model": "admin.logentry", "pk": 205, "fields": {"action_time": "2021-04-08T17:41:58.158Z", "user": 1, "content_type": 12, "object_id": "68", "object_repr": "Дата: 2021-04-06 16:11:54.816000+00:00, Пользователь: test13, товар: Ложка, магазин: Магазин 4, цена: 28, количество: 1", "action_flag": 3, "change_message": ""}}, {"model": "admin.logentry", "pk": 206, "fields": {"action_time": "2021-04-08T17:41:58.196Z", "user": 1, "content_type": 12, "object_id": "67", "object_repr": "Дата: 2021-04-06 16:01:52.074000+00:00, Пользователь: test12, товар: Ложка, магазин: Магазин 5, цена: 123, количество: 1", "action_flag": 3, "change_message": ""}}, {"model": "admin.logentry", "pk": 207, "fields": {"action_time": "2021-04-08T17:41:58.230Z", "user": 1, "content_type": 12, "object_id": "66", "object_repr": "Дата: 2021-04-04 18:35:58.851000+00:00, Пользователь: test2, товар: Термос, магазин: Магазин 4, цена: 3, количество: 5", "action_flag": 3, "change_message": ""}}, {"model": "admin.logentry", "pk": 208, "fields": {"action_time": "2021-04-08T17:41:58.263Z", "user": 1, "content_type": 12, "object_id": "65", "object_repr": "Дата: 2021-04-04 18:35:58.849000+00:00, Пользователь: test2, товар: Ложка, магазин: Магазин 5, цена: 123, количество: 5", "action_flag": 3, "change_message": ""}}, {"model": "admin.logentry", "pk": 209, "fields": {"action_time": "2021-04-08T17:41:58.299Z", "user": 1, "content_type": 12, "object_id": "64", "object_repr": "Дата: 2021-04-04 17:25:37.492000+00:00, Пользователь: test2, товар: Ложка, магазин: Магазин 3, цена: 140, количество: 3", "action_flag": 3, "change_message": ""}}, {"model": "admin.logentry", "pk": 210, "fields": {"action_time": "2021-04-08T17:41:58.333Z", "user": 1, "content_type": 12, "object_id": "63", "object_repr": "Дата: 2021-04-04 17:14:18.901000+00:00, Пользователь: test2, товар: Ложка, магазин: Магазин 4, цена: 28, количество: 1", "action_flag": 3, "change_message": ""}}, {"model": "admin.logentry", "pk": 211, "fields": {"action_time": "2021-04-08T17:41:58.367Z", "user": 1, "content_type": 12, "object_id": "62", "object_repr": "Дата: 2021-04-04 17:14:02.650000+00:00, Пользователь: test2, товар: Ложка, магазин: Магазин 3, цена: 140, количество: 1", "action_flag": 3, "change_message": ""}}, {"model": "admin.logentry", "pk": 212, "fields": {"action_time": "2021-04-08T17:41:58.401Z", "user": 1, "content_type": 12, "object_id": "61", "object_repr": "Дата: 2021-04-04 17:12:24.262000+00:00, Пользователь: test2, товар: Ложка, магазин: Магазин 5, цена: 123, количество: 2", "action_flag": 3, "change_message": ""}}, {"model": "admin.logentry", "pk": 213, "fields": {"action_time": "2021-04-08T17:41:58.435Z", "user": 1, "content_type": 12, "object_id": "60", "object_repr": "Дата: 2021-04-04 17:08:21.785000+00:00, Пользователь: test2, товар: Кружка, магазин: Магазин 2, цена: 7, количество: 1", "action_flag": 3, "change_message": ""}}, {"model": "admin.logentry", "pk": 214, "fields": {"action_time": "2021-04-08T17:41:58.469Z", "user": 1, "content_type": 12, "object_id": "59", "object_repr": "Дата: 2021-04-04 17:05:20.968000+00:00, Пользователь: test2, товар: Ложка, магазин: Магазин 4, цена: 28, количество: 1", "action_flag": 3, "change_message": ""}}, {"model": "admin.logentry", "pk": 215, "fields": {"action_time": "2021-04-08T17:41:58.505Z", "user": 1, "content_type": 12, "object_id": "58", "object_repr": "Дата: 2021-04-04 17:05:20.968000+00:00, Пользователь: test2, товар: Ложка, магазин: Магазин 2, цена: 69, количество: 1", "action_flag": 3, "change_message": ""}}, {"model": "admin.logentry", "pk": 216, "fields": {"action_time": "2021-04-08T17:41:58.539Z", "user": 1, "content_type": 12, "object_id": "57", "object_repr": "Дата: 2021-04-04 17:05:09.957000+00:00, Пользователь: test2, товар: Ложка, магазин: Магазин 4, цена: 28, количество: 1", "action_flag": 3, "change_message": ""}}, {"model": "admin.logentry", "pk": 217, "fields": {"action_time": "2021-04-08T17:41:58.572Z", "user": 1, "content_type": 12, "object_id": "56", "object_repr": "Дата: 2021-04-04 15:47:10.481000+00:00, Пользователь: test, товар: Ложка, магазин: Магазин 3, цена: 140, количество: 1", "action_flag": 3, "change_message": ""}}, {"model": "admin.logentry", "pk": 218, "fields": {"action_time": "2021-04-08T17:41:58.608Z", "user": 1, "content_type": 12, "object_id": "55", "object_repr": "Дата: 2021-04-04 15:47:10.481000+00:00, Пользователь: test, товар: Ложка, магазин: Магазин 5, цена: 123, количество: 1", "action_flag": 3, "change_message": ""}}, {"model": "admin.logentry", "pk": 219, "fields": {"action_time": "2021-04-08T17:41:58.646Z", "user": 1, "content_type": 12, "object_id": "54", "object_repr": "Дата: 2021-04-04 15:47:10.481000+00:00, Пользователь: test, товар: Ложка, магазин: Магазин 3, цена: 140, количество: 2", "action_flag": 3, "change_message": ""}}, {"model": "admin.logentry", "pk": 220, "fields": {"action_time": "2021-04-08T17:41:58.684Z", "user": 1, "content_type": 12, "object_id": "53", "object_repr": "Дата: 2021-04-04 15:47:10.481000+00:00, Пользователь: test, товар: Ложка, магазин: Магазин 5, цена: 123, количество: 10", "action_flag": 3, "change_message": ""}}, {"model": "admin.logentry", "pk": 221, "fields": {"action_time": "2021-04-08T17:41:58.720Z", "user": 1, "content_type": 12, "object_id": "52", "object_repr": "Дата: 2021-04-04 15:47:10.481000+00:00, Пользователь: test2, товар: Холодильник, магазин: Магазин 2, цена: 87, количество: 1", "action_flag": 3, "change_message": ""}}, {"model": "admin.logentry", "pk": 222, "fields": {"action_time": "2021-04-08T17:41:58.755Z", "user": 1, "content_type": 12, "object_id": "51", "object_repr": "Дата: 2021-04-04 15:47:10.481000+00:00, Пользователь: test2, товар: Холодильник, магазин: Магазин 1, цена: 27, количество: 1", "action_flag": 3, "change_message": ""}}, {"model": "admin.logentry", "pk": 223, "fields": {"action_time": "2021-04-08T17:41:58.790Z", "user": 1, "content_type": 12, "object_id": "50", "object_repr": "Дата: 2021-04-04 15:47:10.481000+00:00, Пользователь: test2, товар: Холодильник, магазин: Магазин 5, цена: 181, количество: 1", "action_flag": 3, "change_message": ""}}, {"model": "admin.logentry", "pk": 224, "fields": {"action_time": "2021-04-08T17:41:58.826Z", "user": 1, "content_type": 12, "object_id": "49", "object_repr": "Дата: 2021-04-04 15:47:10.481000+00:00, Пользователь: test2, товар: Термос, магазин: Магазин 2, цена: 111, количество: 1", "action_flag": 3, "change_message": ""}}, {"model": "admin.logentry", "pk": 225, "fields": {"action_time": "2021-04-08T17:41:58.861Z", "user": 1, "content_type": 12, "object_id": "48", "object_repr": "Дата: 2021-04-04 15:47:10.481000+00:00, Пользователь: test2, товар: Ложка, магазин: Магазин 3, цена: 140, количество: 2", "action_flag": 3, "change_message": ""}}, {"model": "admin.logentry", "pk": 226, "fields": {"action_time": "2021-04-08T17:41:58.896Z", "user": 1, "content_type": 12, "object_id": "47", "object_repr": "Дата: 2021-04-04 15:47:10.481000+00:00, Пользователь: test2, товар: Кружка, магазин: Магазин 2, цена: 7, количество: 1", "action_flag": 3, "change_message": ""}}, {"model": "admin.logentry", "pk": 227, "fields": {"action_time": "2021-04-08T17:41:58.935Z", "user": 1, "content_type": 12, "object_id": "46", "object_repr": "Дата: 2021-04-04 15:47:10.481000+00:00, Пользователь: test2, товар: Ложка, магазин: Магазин 5, цена: 123, количество: 2", "action_flag": 3, "change_message": ""}}, {"model": "admin.logentry", "pk": 228, "fields": {"action_time": "2021-04-08T17:41:58.969Z", "user": 1, "content_type": 12, "object_id": "45", "object_repr": "Дата: 2021-04-04 15:47:10.481000+00:00, Пользователь: test2, товар: Ложка, магазин: Магазин 5, цена: 123, количество: 1", "action_flag": 3, "change_message": ""}}, {"model": "admin.logentry", "pk": 229, "fields": {"action_time": "2021-04-08T17:41:59.004Z", "user": 1, "content_type": 12, "object_id": "44", "object_repr": "Дата: 2021-04-04 15:47:10.481000+00:00, Пользователь: test2, товар: Термос, магазин: Магазин 4, цена: 3, количество: 4", "action_flag": 3, "change_message": ""}}, {"model": "admin.logentry", "pk": 230, "fields": {"action_time": "2021-04-08T17:41:59.038Z", "user": 1, "content_type": 12, "object_id": "43", "object_repr": "Дата: 2021-04-04 15:47:10.481000+00:00, Пользователь: test2, товар: Ложка, магазин: Магазин 5, цена: 123, количество: 3", "action_flag": 3, "change_message": ""}}, {"model": "admin.logentry", "pk": 231, "fields": {"action_time": "2021-04-08T17:41:59.071Z", "user": 1, "content_type": 12, "object_id": "42", "object_repr": "Дата: 2021-04-04 13:24:36.116000+00:00, Пользователь: test2, товар: Ложка, магазин: Магазин 2, цена: 69, количество: 1", "action_flag": 3, "change_message": ""}}, {"model": "admin.logentry", "pk": 232, "fields": {"action_time": "2021-04-08T17:41:59.107Z", "user": 1, "content_type": 12, "object_id": "41", "object_repr": "Дата: 2021-04-04 13:24:36.116000+00:00, Пользователь: test2, товар: Термос, магазин: Магазин 4, цена: 3, количество: 2", "action_flag": 3, "change_message": ""}}, {"model": "admin.logentry", "pk": 233, "fields": {"action_time": "2021-04-08T17:41:59.145Z", "user": 1, "content_type": 12, "object_id": "40", "object_repr": "Дата: 2021-04-04 06:32:25.117000+00:00, Пользователь: test2, товар: Ложка, магазин: Магазин 5, цена: 123, количество: 2", "action_flag": 3, "change_message": ""}}, {"model": "admin.logentry", "pk": 234, "fields": {"action_time": "2021-04-08T17:41:59.180Z", "user": 1, "content_type": 12, "object_id": "39", "object_repr": "Дата: 2021-04-04 06:26:05.381000+00:00, Пользователь: test2, товар: Холодильник, магазин: Магазин 1, цена: 27, количество: 10", "action_flag": 3, "change_message": ""}}, {"model": "admin.logentry", "pk": 235, "fields": {"action_time": "2021-04-08T17:41:59.214Z", "user": 1, "content_type": 12, "object_id": "38", "object_repr": "Дата: 2021-04-04 06:26:05.381000+00:00, Пользователь: test2, товар: Кружка, магазин: Магазин 2, цена: 7, количество: 10", "action_flag": 3, "change_message": ""}}, {"model": "admin.logentry", "pk": 236, "fields": {"action_time": "2021-04-08T17:41:59.248Z", "user": 1, "content_type": 12, "object_id": "37", "object_repr": "Дата: 2021-04-04 06:26:05.381000+00:00, Пользователь: test2, товар: Ложка, магазин: Магазин 5, цена: 123, количество: 8", "action_flag": 3, "change_message": ""}}, {"model": "admin.logentry", "pk": 237, "fields": {"action_time": "2021-04-08T17:41:59.283Z", "user": 1, "content_type": 12, "object_id": "36", "object_repr": "Дата: 2021-04-04 06:26:05.381000+00:00, Пользователь: test2, товар: Ложка, магазин: Магазин 3, цена: 140, количество: 6", "action_flag": 3, "change_message": ""}}, {"model": "admin.logentry", "pk": 238, "fields": {"action_time": "2021-04-08T17:41:59.317Z", "user": 1, "content_type": 12, "object_id": "35", "object_repr": "Дата: 2021-04-02 19:00:00+00:00, Пользователь: test1, товар: Вилка, магазин: Магазин 1, цена: 1, количество: 100", "action_flag": 3, "change_message": ""}}, {"model": "admin.logentry", "pk": 239, "fields": {"action_time": "2021-04-08T17:41:59.350Z", "user": 1, "content_type": 12, "object_id": "34", "object_repr": "Дата: 2021-04-02 19:03:10.653000+00:00, Пользователь: test2, товар: Тарелка, магазин: Магазин 1, цена: 168, количество: 30", "action_flag": 3, "change_message": ""}}, {"model": "admin.logentry", "pk": 240, "fields": {"action_time": "2021-04-08T17:41:59.388Z", "user": 1, "content_type": 12, "object_id": "33", "object_repr": "Дата: 2021-04-02 19:03:10.653000+00:00, Пользователь: test2, товар: Ложка, магазин: Магазин 5, цена: 123, количество: 3", "action_flag": 3, "change_message": ""}}, {"model": "admin.logentry", "pk": 241, "fields": {"action_time": "2021-04-08T17:41:59.425Z", "user": 1, "content_type": 12, "object_id": "32", "object_repr": "Дата: 2021-04-02 18:48:59.270000+00:00, Пользователь: test2, товар: Холодильник, магазин: Магазин 2, цена: 87, количество: 7", "action_flag": 3, "change_message": ""}}, {"model": "admin.logentry", "pk": 242, "fields": {"action_time": "2021-04-08T17:41:59.458Z", "user": 1, "content_type": 12, "object_id": "31", "object_repr": "Дата: 2021-04-02 18:48:59.270000+00:00, Пользователь: test2, товар: Холодильник, магазин: Магазин 1, цена: 27, количество: 2", "action_flag": 3, "change_message": ""}}, {"model": "admin.logentry", "pk": 243, "fields": {"action_time": "2021-04-08T17:41:59.496Z", "user": 1, "content_type": 12, "object_id": "30", "object_repr": "Дата: 2021-04-02 18:48:59.270000+00:00, Пользователь: test2, товар: Холодильник, магазин: Магазин 5, цена: 181, количество: 6", "action_flag": 3, "change_message": ""}}, {"model": "admin.logentry", "pk": 244, "fields": {"action_time": "2021-04-08T17:41:59.531Z", "user": 1, "content_type": 12, "object_id": "29", "object_repr": "Дата: 2021-04-02 18:48:59.270000+00:00, Пользователь: test2, товар: Тарелка, магазин: Магазин 1, цена: 168, количество: 5", "action_flag": 3, "change_message": ""}}, {"model": "admin.logentry", "pk": 245, "fields": {"action_time": "2021-04-08T17:41:59.571Z", "user": 1, "content_type": 12, "object_id": "28", "object_repr": "Дата: 2021-04-02 18:48:59.270000+00:00, Пользователь: test2, товар: Термос, магазин: Магазин 2, цена: 111, количество: 3", "action_flag": 3, "change_message": ""}}, {"model": "admin.logentry", "pk": 246, "fields": {"action_time": "2021-04-08T17:41:59.607Z", "user": 1, "content_type": 12, "object_id": "27", "object_repr": "Дата: 2021-04-02 18:48:59.270000+00:00, Пользователь: test2, товар: Термос, магазин: Магазин 4, цена: 3, количество: 1", "action_flag": 3, "change_message": ""}}, {"model": "admin.logentry", "pk": 247, "fields": {"action_time": "2021-04-08T17:41:59.641Z", "user": 1, "content_type": 12, "object_id": "26", "object_repr": "Дата: 2021-04-02 18:48:59.270000+00:00, Пользователь: test2, товар: Кружка, магазин: Магазин 2, цена: 7, количество: 10", "action_flag": 3, "change_message": ""}}, {"model": "admin.logentry", "pk": 248, "fields": {"action_time": "2021-04-08T17:41:59.677Z", "user": 1, "content_type": 12, "object_id": "25", "object_repr": "Дата: 2021-04-02 18:48:59.270000+00:00, Пользователь: test2, товар: Ложка, магазин: Магазин 2, цена: 69, количество: 5", "action_flag": 3, "change_message": ""}}, {"model": "admin.logentry", "pk": 249, "fields": {"action_time": "2021-04-08T17:41:59.714Z", "user": 1, "content_type": 12, "object_id": "24", "object_repr": "Дата: 2021-04-02 18:48:59.270000+00:00, Пользователь: test2, товар: Ложка, магазин: Магазин 4, цена: 28, количество: 2", "action_flag": 3, "change_message": ""}}, {"model": "admin.logentry", "pk": 250, "fields": {"action_time": "2021-04-08T17:41:59.753Z", "user": 1, "content_type": 12, "object_id": "23", "object_repr": "Дата: 2021-04-02 18:48:59.270000+00:00, Пользователь: test2, товар: Ложка, магазин: Магазин 3, цена: 140, количество: 3", "action_flag": 3, "change_message": ""}}, {"model": "admin.logentry", "pk": 251, "fields": {"action_time": "2021-04-08T17:41:59.790Z", "user": 1, "content_type": 12, "object_id": "22", "object_repr": "Дата: 2021-04-02 18:48:59.270000+00:00, Пользователь: test2, товар: Ложка, магазин: Магазин 5, цена: 123, количество: 2", "action_flag": 3, "change_message": ""}}, {"model": "admin.logentry", "pk": 252, "fields": {"action_time": "2021-04-08T17:41:59.824Z", "user": 1, "content_type": 12, "object_id": "21", "object_repr": "Дата: 2021-04-02 17:45:19+00:00, Пользователь: test1, товар: Ложка, магазин: Магазин 4, цена: 4, количество: 5", "action_flag": 3, "change_message": ""}}, {"model": "admin.logentry", "pk": 253, "fields": {"action_time": "2021-04-08T17:41:59.858Z", "user": 1, "content_type": 12, "object_id": "20", "object_repr": "Дата: 2021-04-02 17:32:57+00:00, Пользователь: test, товар: Ложка, магазин: Магазин 2, цена: 2, количество: 7", "action_flag": 3, "change_message": ""}}, {"model": "admin.logentry", "pk": 254, "fields": {"action_time": "2021-04-08T17:41:59.893Z", "user": 1, "content_type": 12, "object_id": "19", "object_repr": "Дата: 2021-04-02 13:55:14.651000+00:00, Пользователь: test2, товар: Холодильник, магазин: Магазин 5, цена: 181, количество: 6", "action_flag": 3, "change_message": ""}}, {"model": "admin.logentry", "pk": 255, "fields": {"action_time": "2021-04-08T17:42:06.457Z", "user": 1, "content_type": 11, "object_id": "51", "object_repr": "Пользователь: Stanislav, товар: Ложка, магазин: Магазин 5, цена: 123, количество: 7", "action_flag": 3, "change_message": ""}}, {"model": "admin.logentry", "pk": 256, "fields": {"action_time": "2021-04-08T17:42:06.498Z", "user": 1, "content_type": 11, "object_id": "41", "object_repr": "Пользователь: test5, товар: Ложка, магазин: Магазин 5, цена: 123, количество: 7", "action_flag": 3, "change_message": ""}}, {"model": "admin.logentry", "pk": 257, "fields": {"action_time": "2021-04-08T17:42:14.096Z", "user": 1, "content_type": 8, "object_id": "8", "object_repr": "Магазин 5", "action_flag": 3, "change_message": ""}}, {"model": "admin.logentry", "pk": 258, "fields": {"action_time": "2021-04-08T17:42:14.134Z", "user": 1, "content_type": 8, "object_id": "7", "object_repr": "Магазин 4", "action_flag": 3, "change_message": ""}}, {"model": "admin.logentry", "pk": 259, "fields": {"action_time": "2021-04-08T17:42:14.168Z", "user": 1, "content_type": 8, "object_id": "6", "object_repr": "Магазин 3", "action_flag": 3, "change_message": ""}}, {"model": "admin.logentry", "pk": 260, "fields": {"action_time": "2021-04-08T17:42:14.201Z", "user": 1, "content_type": 8, "object_id": "5", "object_repr": "Магазин 2", "action_flag": 3, "change_message": ""}}, {"model": "admin.logentry", "pk": 261, "fields": {"action_time": "2021-04-08T17:42:14.236Z", "user": 1, "content_type": 8, "object_id": "4", "object_repr": "Магазин 1", "action_flag": 3, "change_message": ""}}, {"model": "admin.logentry", "pk": 262, "fields": {"action_time": "2021-04-08T17:42:25.017Z", "user": 1, "content_type": 9, "object_id": "10", "object_repr": "Холодильник", "action_flag": 3, "change_message": ""}}, {"model": "admin.logentry", "pk": 263, "fields": {"action_time": "2021-04-08T17:42:25.054Z", "user": 1, "content_type": 9, "object_id": "9", "object_repr": "Тарелка", "action_flag": 3, "change_message": ""}}, {"model": "admin.logentry", "pk": 264, "fields": {"action_time": "2021-04-08T17:42:25.087Z", "user": 1, "content_type": 9, "object_id": "8", "object_repr": "Термос", "action_flag": 3, "change_message": ""}}, {"model": "admin.logentry", "pk": 265, "fields": {"action_time": "2021-04-08T17:42:25.120Z", "user": 1, "content_type": 9, "object_id": "7", "object_repr": "Вилка", "action_flag": 3, "change_message": ""}}, {"model": "admin.logentry", "pk": 266, "fields": {"action_time": "2021-04-08T17:42:25.154Z", "user": 1, "content_type": 9, "object_id": "6", "object_repr": "Кружка", "action_flag": 3, "change_message": ""}}, {"model": "admin.logentry", "pk": 267, "fields": {"action_time": "2021-04-08T17:42:25.187Z", "user": 1, "content_type": 9, "object_id": "5", "object_repr": "Ложка", "action_flag": 3, "change_message": ""}}, {"model": "auth.user", "pk": 1, "fields": {"password": "pbkdf2_sha256$216000$3LrdEjUa6HUz$i5al7gH21VCz4bW2zz3tdKyaCQrSdEBVPhMr7QpQGnI=", "last_login": "2021-04-08T17:37:21.762Z", "is_superuser": true, "username": "Stanislav", "first_name": "", "last_name": "", "email": "", "is_staff": true, "is_active": true, "date_joined": "2021-03-29T16:37:44.273Z", "groups": [], "user_permissions": []}}, {"model": "auth.user", "pk": 2, "fields": {"password": "pbkdf2_sha256$216000$ZAqDsBPTdhG0$P2Yc9Y68DlCuJ5g3OQQDDPbGkn2Oem/hO71Z6W9ode8=", "last_login": "2021-04-06T16:46:21.725Z", "is_superuser": false, "username": "test", "first_name": "Тест", "last_name": "Тестовый", "email": "test@test.com", "is_staff": false, "is_active": true, "date_joined": "2021-03-29T16:57:28.523Z", "groups": [], "user_permissions": []}}, {"model": "auth.user", "pk": 3, "fields": {"password": "pbkdf2_sha256$216000$5eC7QnllWyjO$I539t7qo6MqYZjLw6tfChgxoBfM5kXdTPiyS2VcRZJY=", "last_login": "2021-03-29T18:06:02.994Z", "is_superuser": false, "username": "test1", "first_name": "Тест", "last_name": "Тестовый", "email": "test@test.com", "is_staff": false, "is_active": true, "date_joined": "2021-03-29T18:06:02.619Z", "groups": [], "user_permissions": []}}, {"model": "auth.user", "pk": 4, "fields": {"password": "pbkdf2_sha256$216000$7PbJZk3wgh0D$MLoAmn/f79AHaNf+bKzACnvGngcGSpnMNdVhV+Vvs+I=", "last_login": "2021-04-08T17:40:33.810Z", "is_superuser": false, "username": "test2", "first_name": "Тест", "last_name": "Тестовый", "email": "test@test.com", "is_staff": false, "is_active": true, "date_joined": "2021-03-29T18:30:50.279Z", "groups": [], "user_permissions": []}}, {"model": "auth.user", "pk": 5, "fields": {"password": "pbkdf2_sha256$216000$yoRgUKpLHMPN$vYBYCxFRTMnkZDtBF1KMKG2B+IHsEIg/fPrzdR7tLCM=", "last_login": "2021-03-30T16:15:06.165Z", "is_superuser": false, "username": "test4", "first_name": "Тест", "last_name": "Тестовый", "email": "test@test.com", "is_staff": false, "is_active": true, "date_joined": "2021-03-30T16:15:05.790Z", "groups": [], "user_permissions": []}}, {"model": "auth.user", "pk": 6, "fields": {"password": "pbkdf2_sha256$216000$mGIACjyAxig0$u4DXF/XaYnm1h0MBYQZq8LsSJVTacIZ/1Ya5ebYlB0Y=", "last_login": "2021-04-04T15:28:48.102Z", "is_superuser": false, "username": "test5", "first_name": "", "last_name": "", "email": "", "is_staff": false, "is_active": true, "date_joined": "2021-04-04T15:28:47.732Z", "groups": [], "user_permissions": []}}, {"model": "auth.user", "pk": 7, "fields": {"password": "pbkdf2_sha256$216000$I1fSuFwHidKc$k3OriBkvE3RnzWOzREVZWcd9y3jUy71sSYazltJLSiA=", "last_login": "2021-04-06T17:07:56.111Z", "is_superuser": false, "username": "test10", "first_name": "", "last_name": "", "email": "", "is_staff": false, "is_active": true, "date_joined": "2021-04-06T13:46:56.442Z", "groups": [], "user_permissions": []}}, {"model": "auth.user", "pk": 8, "fields": {"password": "pbkdf2_sha256$216000$c7pvjsfMDCcE$mKFb1bqfDAtmlt3W+AMC1/fMf2RsnadmrfPmZzNX7Bk=", "last_login": "2021-04-06T15:53:41.675Z", "is_superuser": false, "username": "test11", "first_name": "", "last_name": "", "email": "", "is_staff": false, "is_active": true, "date_joined": "2021-04-06T15:53:41.102Z", "groups": [], "user_permissions": []}}, {"model": "auth.user", "pk": 9, "fields": {"password": "pbkdf2_sha256$216000$6nQ1vpWJlxV9$adFocBA8yvPF7imKJ37Cv2SrRV9jkPXkaJO//TQJ33M=", "last_login": "2021-04-06T15:54:56.127Z", "is_superuser": false, "username": "test12", "first_name": "", "last_name": "", "email": "", "is_staff": false, "is_active": true, "date_joined": "2021-04-06T15:54:55.559Z", "groups": [], "user_permissions": []}}, {"model": "auth.user", "pk": 10, "fields": {"password": "pbkdf2_sha256$216000$1mminA9ffM8H$DBym62y//ufGUeuyeGdoL57AumyjqjcvUZCBqfwkcTQ=", "last_login": "2021-04-06T16:11:28.861Z", "is_superuser": false, "username": "test13", "first_name": "", "last_name": "", "email": "", "is_staff": false, "is_active": true, "date_joined": "2021-04-06T16:11:28.294Z", "groups": [], "user_permissions": []}}, {"model": "auth.user", "pk": 11, "fields": {"password": "pbkdf2_sha256$216000$NXYvgUKre6Wy$QUjxo7LGsfvgqmEncNoK+2BSpu6vOIi1DKlt20mc6go=", "last_login": "2021-04-06T16:13:55.459Z", "is_superuser": false, "username": "test14", "first_name": "", "last_name": "", "email": "", "is_staff": false, "is_active": true, "date_joined": "2021-04-06T16:13:54.887Z", "groups": [], "user_permissions": []}}, {"model": "auth.user", "pk": 12, "fields": {"password": "pbkdf2_sha256$216000$9Y9xcv8Y3VeU$/Mu5LbMuhMiMYswxK6kOE3whPYQ0+Ogrgdme6PqY7mo=", "last_login": "2021-04-06T16:22:51.790Z", "is_superuser": false, "username": "test15", "first_name": "", "last_name": "", "email": "", "is_staff": false, "is_active": true, "date_joined": "2021-04-06T16:22:51.225Z", "groups": [], "user_permissions": []}}, {"model": "auth.user", "pk": 13, "fields": {"password": "pbkdf2_sha256$216000$yq6ar7V9R0DA$i6TePfKxlBAsOmWmo0bUeEc2Y5VSPVfdWJWPapgmyC4=", "last_login": "2021-04-06T19:27:45.666Z", "is_superuser": false, "username": "prod", "first_name": "", "last_name": "", "email": "", "is_staff": false, "is_active": true, "date_joined": "2021-04-06T19:27:45.089Z", "groups": [], "user_permissions": []}}, {"model": "auth.user", "pk": 14, "fields": {"password": "pbkdf2_sha256$216000$xxC7S2ozqgZ1$sxV3X905TFl6NivmvxQjqfjm2e/WbTGvzxqQr3Kckso=", "last_login": "2021-04-06T19:32:50.815Z", "is_superuser": false, "username": "prod2", "first_name": "", "last_name": "", "email": "", "is_staff": false, "is_active": true, "date_joined": "2021-04-06T19:32:50.244Z", "groups": [], "user_permissions": []}}, {"model": "sessions.session", "pk": "9iv6i7nj3okpo2jmbh0rb323mdqa1gbl", "fields": {"session_data": ".eJxVjDsOwjAQBe_iGln-x6akzxms9a6NA8iR4qRC3J1ESgHtm5n3ZhG2tcat5yVOxK5MGnb5HRPgM7eD0APafeY4t3WZEj8UftLOx5ny63a6fwcVet1rKAC6kFEUpCQij156qzVIGCy6gMHtzCZ0adAglBaqCO8KJAPKB8s-XyBYOCo:1lTrRS:s7uVppp5GL_KubdHEfpfRBNjPvnQHo744TuYqdNwWRI", "expire_date": "2021-04-20T19:32:50.907Z"}}, {"model": "sessions.session", "pk": "9lk7yp2oltjai31cqupftaxy54gdbvsh", "fields": {"session_data": ".eJxVjEEOgjAQRe_StWnaocjUpXvOQKYzU0FNSSisjHdXEha6_e-9_zIDbes4bFWXYRJzMcGcfrdE_NCyA7lTuc2W57IuU7K7Yg9abT-LPq-H-3cwUh2_NYAIZdHYkAZN6FrPzrWJPYOLgF591yIFDokbIe4Y8xkydhmiT4jm_QEBIDhd:1lUYdt:gz3BfnifEcom34WELpRqVCaFCNK--g1juYruMdJAtBA", "expire_date": "2021-04-22T17:40:33.886Z"}}, {"model": "sessions.session", "pk": "bbf88c2qnwpc47b49np8kx7twulllfsj", "fields": {"session_data": ".eJxVjEEOwiAQRe_C2pCBAi0u3XsGMjCDVA0kpV0Z765NutDtf-_9lwi4rSVsnZcwkzgLJU6_W8T04LoDumO9NZlaXZc5yl2RB-3y2oifl8P9OyjYy7dGTRmAEAB9jkxmMuTY2zw4zIqtA1Q0xhEyaq0taZ4UezMAMTtKJN4fBwk43g:1lQwHN:fqDI8YLjdTntjKismlT5n4oME5JK9E3ErycdBrKZcx4", "expire_date": "2021-04-12T18:06:21.756Z"}}, {"model": "sessions.session", "pk": "ct1jswe58d2xfgh6haizcmffe756jh0q", "fields": {"session_data": ".eJxVjEEOgjAQRe_StWnaocjUpXvOQKYzU0FNSSisjHdXEha6_e-9_zIDbes4bFWXYRJzMcGcfrdE_NCyA7lTuc2W57IuU7K7Yg9abT-LPq-H-3cwUh2_NYAIZdHYkAZN6FrPzrWJPYOLgF591yIFDokbIe4Y8xkydhmiT4jm_QEBIDhd:1lT6Tj:KvR6CYskb4OwuYKgQzin5CZq3aDp0PEZymN7Cly7ldc", "expire_date": "2021-04-18T17:24:03.682Z"}}, {"model": "sessions.session", "pk": "e8jn3tsfmkccx8r0q41f27pj7y4isvxb", "fields": {"session_data": ".eJxVjEEOwiAQRe_C2pCBAi0u3XsGMjCDVA0kpV0Z765NutDtf-_9lwi4rSVsnZcwkzgLJU6_W8T04LoDumO9NZlaXZc5yl2RB-3y2oifl8P9OyjYy7dGTRmAEAB9jkxmMuTY2zw4zIqtA1Q0xhEyaq0taZ4UezMAMTtKJN4fBwk43g:1lUYan:joaBk9TJ4mPWQp115ICKEivEK2qKIvAtuw4FyTNbMt4", "expire_date": "2021-04-22T17:37:21.850Z"}}, {"model": "sessions.session", "pk": "f7lszlc42xforog2tj9azh5j10mvtugp", "fields": {"session_data": ".eJxVjEEOgjAQRe_StWnaocjUpXvOQKYzU0FNSSisjHdXEha6_e-9_zIDbes4bFWXYRJzMcGcfrdE_NCyA7lTuc2W57IuU7K7Yg9abT-LPq-H-3cwUh2_NYAIZdHYkAZN6FrPzrWJPYOLgF591yIFDokbIe4Y8xkydhmiT4jm_QEBIDhd:1lTTK9:P6lSK8sLbkNNyThNNRBFAUHR1rtLtu3eEMdheSe-7ZY", "expire_date": "2021-04-19T17:47:41.787Z"}}, {"model": "sessions.session", "pk": "rt0zafobv3qoawi9f0vesx46wt6ev4y3", "fields": {"session_data": ".eJxVjEEOwiAQRe_C2pCBAi0u3XsGMjCDVA0kpV0Z765NutDtf-_9lwi4rSVsnZcwkzgLJU6_W8T04LoDumO9NZlaXZc5yl2RB-3y2oifl8P9OyjYy7dGTRmAEAB9jkxmMuTY2zw4zIqtA1Q0xhEyaq0taZ4UezMAMTtKJN4fBwk43g:1lQuty:WvBc7SwdHCbWzMOJldOEuPVRM7RcQYw6ui3FuwXZs64", "expire_date": "2021-04-12T16:38:06.656Z"}}, {"model": "app_users.profile", "pk": 1, "fields": {"user": 2, "balance": 3227, "status": "Золотой", "purchases_amount": 1903}}, {"model": "app_users.profile", "pk": 2, "fields": {"user": 3, "balance": 60, "status": "Бронзовый", "purchases_amount": 0}}, {"model": "app_users.profile", "pk": 3, "fields": {"user": 4, "balance": 2, "status": "Золотой", "purchases_amount": 19491}}, {"model": "app_users.profile", "pk": 4, "fields": {"user": 5, "balance": 967, "status": "Бронзовый", "purchases_amount": 0}}, {"model": "app_users.profile", "pk": 5, "fields": {"user": 6, "balance": 433, "status": "Бронзовый", "purchases_amount": 0}}, {"model": "app_users.profile", "pk": 6, "fields": {"user": 7, "balance": 910, "status": "Бронзовый", "purchases_amount": 0}}, {"model": "app_users.profile", "pk": 7, "fields": {"user": 8, "balance": 64, "status": "Бронзовый", "purchases_amount": 0}}, {"model": "app_users.profile", "pk": 8, "fields": {"user": 9, "balance": 246, "status": "Серебрянный", "purchases_amount": 123}}, {"model": "app_users.profile", "pk": 9, "fields": {"user": 10, "balance": 769, "status": "Бронзовый", "purchases_amount": 28}}, {"model": "app_users.profile", "pk": 10, "fields": {"user": 11, "balance": 674, "status": "Золотой", "purchases_amount": 1526}}, {"model": "app_users.profile", "pk": 11, "fields": {"user": 12, "balance": 961, "status": "Золотой", "purchases_amount": 2193}}, {"model": "app_users.profile", "pk": 12, "fields": {"user": 13, "balance": 973, "status": "Золотой", "purchases_amount": 1077}}, {"model": "app_users.profile", "pk": 13, "fields": {"user": 14, "balance": 88, "status": "Бронзовый", "purchases_amount": 0}}, {"model": "app_product.store", "pk": 4, "fields": {"name": "Магазин 1"}}, {"model": "app_product.store", "pk": 5, "fields": {"name": "Магазин 2"}}, {"model": "app_product.store", "pk": 6, "fields": {"name": "Магазин 3"}}, {"model": "app_product.store", "pk": 7, "fields": {"name": "Магазин 4"}}, {"model": "app_product.store", "pk": 8, "fields": {"name": "Магазин 5"}}, {"model": "app_product.product", "pk": 5, "fields": {"name": "Ложка"}}, {"model": "app_product.product", "pk": 6, "fields": {"name": "Кружка"}}, {"model": "app_product.product", "pk": 7, "fields": {"name": "Вилка"}}, {"model": "app_product.product", "pk": 8, "fields": {"name": "Термос"}}, {"model": "app_product.product", "pk": 9, "fields": {"name": "Тарелка"}}, {"model": "app_product.product", "pk": 10, "fields": {"name": "Холодильник"}}, {"model": "app_product.warehouse", "pk": 16, "fields": {"product": 5, "store": 8, "price": 123, "quantity": 304}}, {"model": "app_product.warehouse", "pk": 17, "fields": {"product": 5, "store": 6, "price": 140, "quantity": 561}}, {"model": "app_product.warehouse", "pk": 18, "fields": {"product": 5, "store": 7, "price": 28, "quantity": 342}}, {"model": "app_product.warehouse", "pk": 19, "fields": {"product": 5, "store": 5, "price": 69, "quantity": 344}}, {"model": "app_product.warehouse", "pk": 20, "fields": {"product": 6, "store": 5, "price": 7, "quantity": 302}}, {"model": "app_product.warehouse", "pk": 21, "fields": {"product": 8, "store": 7, "price": 3, "quantity": 786}}, {"model": "app_product.warehouse", "pk": 22, "fields": {"product": 8, "store": 5, "price": 111, "quantity": 317}}, {"model": "app_product.warehouse", "pk": 23, "fields": {"product": 9, "store": 4, "price": 168, "quantity": 0}}, {"model": "app_product.warehouse", "pk": 24, "fields": {"product": 10, "store": 8, "price": 181, "quantity": 479}}, {"model": "app_product.warehouse", "pk": 25, "fields": {"product": 10, "store": 4, "price": 27, "quantity": 446}}, {"model": "app_product.warehouse", "pk": 26, "fields": {"product": 10, "store": 5, "price": 87, "quantity": 753}}, {"model": "app_product.cart", "pk": 41, "fields": {"user": 6, "product": 5, "store": 8, "price": 123, "quantity": 7}}, {"model": "app_product.cart", "pk": 51, "fields": {"user": 1, "product": 5, "store": 8, "price": 123, "quantity": 7}}, {"model": "app_product.purchasehistory", "pk": 19, "fields": {"date": "2021-04-02T13:55:14.651Z", "user": 4, "product": 10, "store": 8, "price": 181, "quantity": 6}}, {"model": "app_product.purchasehistory", "pk": 20, "fields": {"date": "2021-04-02T17:32:57Z", "user": 2, "product": 5, "store": 5, "price": 2, "quantity": 7}}, {"model": "app_product.purchasehistory", "pk": 21, "fields": {"date": "2021-04-02T17:45:19Z", "user": 3, "product": 5, "store": 7, "price": 4, "quantity": 5}}, {"model": "app_product.purchasehistory", "pk": 22, "fields": {"date": "2021-04-02T18:48:59.270Z", "user": 4, "product": 5, "store": 8, "price": 123, "quantity": 2}}, {"model": "app_product.purchasehistory", "pk": 23, "fields": {"date": "2021-04-02T18:48:59.270Z", "user": 4, "product": 5, "store": 6, "price": 140, "quantity": 3}}, {"model": "app_product.purchasehistory", "pk": 24, "fields": {"date": "2021-04-02T18:48:59.270Z", "user": 4, "product": 5, "store": 7, "price": 28, "quantity": 2}}, {"model": "app_product.purchasehistory", "pk": 25, "fields": {"date": "2021-04-02T18:48:59.270Z", "user": 4, "product": 5, "store": 5, "price": 69, "quantity": 5}}, {"model": "app_product.purchasehistory", "pk": 26, "fields": {"date": "2021-04-02T18:48:59.270Z", "user": 4, "product": 6, "store": 5, "price": 7, "quantity": 10}}, {"model": "app_product.purchasehistory", "pk": 27, "fields": {"date": "2021-04-02T18:48:59.270Z", "user": 4, "product": 8, "store": 7, "price": 3, "quantity": 1}}, {"model": "app_product.purchasehistory", "pk": 28, "fields": {"date": "2021-04-02T18:48:59.270Z", "user": 4, "product": 8, "store": 5, "price": 111, "quantity": 3}}, {"model": "app_product.purchasehistory", "pk": 29, "fields": {"date": "2021-04-02T18:48:59.270Z", "user": 4, "product": 9, "store": 4, "price": 168, "quantity": 5}}, {"model": "app_product.purchasehistory", "pk": 30, "fields": {"date": "2021-04-02T18:48:59.270Z", "user": 4, "product": 10, "store": 8, "price": 181, "quantity": 6}}, {"model": "app_product.purchasehistory", "pk": 31, "fields": {"date": "2021-04-02T18:48:59.270Z", "user": 4, "product": 10, "store": 4, "price": 27, "quantity": 2}}, {"model": "app_product.purchasehistory", "pk": 32, "fields": {"date": "2021-04-02T18:48:59.270Z", "user": 4, "product": 10, "store": 5, "price": 87, "quantity": 7}}, {"model": "app_product.purchasehistory", "pk": 33, "fields": {"date": "2021-04-02T19:03:10.653Z", "user": 4, "product": 5, "store": 8, "price": 123, "quantity": 3}}, {"model": "app_product.purchasehistory", "pk": 34, "fields": {"date": "2021-04-02T19:03:10.653Z", "user": 4, "product": 9, "store": 4, "price": 168, "quantity": 30}}, {"model": "app_product.purchasehistory", "pk": 35, "fields": {"date": "2021-04-02T19:00:00Z", "user": 3, "product": 7, "store": 4, "price": 1, "quantity": 100}}, {"model": "app_product.purchasehistory", "pk": 36, "fields": {"date": "2021-04-04T06:26:05.381Z", "user": 4, "product": 5, "store": 6, "price": 140, "quantity": 6}}, {"model": "app_product.purchasehistory", "pk": 37, "fields": {"date": "2021-04-04T06:26:05.381Z", "user": 4, "product": 5, "store": 8, "price": 123, "quantity": 8}}, {"model": "app_product.purchasehistory", "pk": 38, "fields": {"date": "2021-04-04T06:26:05.381Z", "user": 4, "product": 6, "store": 5, "price": 7, "quantity": 10}}, {"model": "app_product.purchasehistory", "pk": 39, "fields": {"date": "2021-04-04T06:26:05.381Z", "user": 4, "product": 10, "store": 4, "price": 27, "quantity": 10}}, {"model": "app_product.purchasehistory", "pk": 40, "fields": {"date": "2021-04-04T06:32:25.117Z", "user": 4, "product": 5, "store": 8, "price": 123, "quantity": 2}}, {"model": "app_product.purchasehistory", "pk": 41, "fields": {"date": "2021-04-04T13:24:36.116Z", "user": 4, "product": 8, "store": 7, "price": 3, "quantity": 2}}, {"model": "app_product.purchasehistory", "pk": 42, "fields": {"date": "2021-04-04T13:24:36.116Z", "user": 4, "product": 5, "store": 5, "price": 69, "quantity": 1}}, {"model": "app_product.purchasehistory", "pk": 43, "fields": {"date": "2021-04-04T15:47:10.481Z", "user": 4, "product": 5, "store": 8, "price": 123, "quantity": 3}}, {"model": "app_product.purchasehistory", "pk": 44, "fields": {"date": "2021-04-04T15:47:10.481Z", "user": 4, "product": 8, "store": 7, "price": 3, "quantity": 4}}, {"model": "app_product.purchasehistory", "pk": 45, "fields": {"date": "2021-04-04T15:47:10.481Z", "user": 4, "product": 5, "store": 8, "price": 123, "quantity": 1}}, {"model": "app_product.purchasehistory", "pk": 46, "fields": {"date": "2021-04-04T15:47:10.481Z", "user": 4, "product": 5, "store": 8, "price": 123, "quantity": 2}}, {"model": "app_product.purchasehistory", "pk": 47, "fields": {"date": "2021-04-04T15:47:10.481Z", "user": 4, "product": 6, "store": 5, "price": 7, "quantity": 1}}, {"model": "app_product.purchasehistory", "pk": 48, "fields": {"date": "2021-04-04T15:47:10.481Z", "user": 4, "product": 5, "store": 6, "price": 140, "quantity": 2}}, {"model": "app_product.purchasehistory", "pk": 49, "fields": {"date": "2021-04-04T15:47:10.481Z", "user": 4, "product": 8, "store": 5, "price": 111, "quantity": 1}}, {"model": "app_product.purchasehistory", "pk": 50, "fields": {"date": "2021-04-04T15:47:10.481Z", "user": 4, "product": 10, "store": 8, "price": 181, "quantity": 1}}, {"model": "app_product.purchasehistory", "pk": 51, "fields": {"date": "2021-04-04T15:47:10.481Z", "user": 4, "product": 10, "store": 4, "price": 27, "quantity": 1}}, {"model": "app_product.purchasehistory", "pk": 52, "fields": {"date": "2021-04-04T15:47:10.481Z", "user": 4, "product": 10, "store": 5, "price": 87, "quantity": 1}}, {"model": "app_product.purchasehistory", "pk": 53, "fields": {"date": "2021-04-04T15:47:10.481Z", "user": 2, "product": 5, "store": 8, "price": 123, "quantity": 10}}, {"model": "app_product.purchasehistory", "pk": 54, "fields": {"date": "2021-04-04T15:47:10.481Z", "user": 2, "product": 5, "store": 6, "price": 140, "quantity": 2}}, {"model": "app_product.purchasehistory", "pk": 55, "fields": {"date": "2021-04-04T15:47:10.481Z", "user": 2, "product": 5, "store": 8, "price": 123, "quantity": 1}}, {"model": "app_product.purchasehistory", "pk": 56, "fields": {"date": "2021-04-04T15:47:10.481Z", "user": 2, "product": 5, "store": 6, "price": 140, "quantity": 1}}, {"model": "app_product.purchasehistory", "pk": 57, "fields": {"date": "2021-04-04T17:05:09.957Z", "user": 4, "product": 5, "store": 7, "price": 28, "quantity": 1}}, {"model": "app_product.purchasehistory", "pk": 58, "fields": {"date": "2021-04-04T17:05:20.968Z", "user": 4, "product": 5, "store": 5, "price": 69, "quantity": 1}}, {"model": "app_product.purchasehistory", "pk": 59, "fields": {"date": "2021-04-04T17:05:20.968Z", "user": 4, "product": 5, "store": 7, "price": 28, "quantity": 1}}, {"model": "app_product.purchasehistory", "pk": 60, "fields": {"date": "2021-04-04T17:08:21.785Z", "user": 4, "product": 6, "store": 5, "price": 7, "quantity": 1}}, {"model": "app_product.purchasehistory", "pk": 61, "fields": {"date": "2021-04-04T17:12:24.262Z", "user": 4, "product": 5, "store": 8, "price": 123, "quantity": 2}}, {"model": "app_product.purchasehistory", "pk": 62, "fields": {"date": "2021-04-04T17:14:02.650Z", "user": 4, "product": 5, "store": 6, "price": 140, "quantity": 1}}, {"model": "app_product.purchasehistory", "pk": 63, "fields": {"date": "2021-04-04T17:14:18.901Z", "user": 4, "product": 5, "store": 7, "price": 28, "quantity": 1}}, {"model": "app_product.purchasehistory", "pk": 64, "fields": {"date": "2021-04-04T17:25:37.492Z", "user": 4, "product": 5, "store": 6, "price": 140, "quantity": 3}}, {"model": "app_product.purchasehistory", "pk": 65, "fields": {"date": "2021-04-04T18:35:58.849Z", "user": 4, "product": 5, "store": 8, "price": 123, "quantity": 5}}, {"model": "app_product.purchasehistory", "pk": 66, "fields": {"date": "2021-04-04T18:35:58.851Z", "user": 4, "product": 8, "store": 7, "price": 3, "quantity": 5}}, {"model": "app_product.purchasehistory", "pk": 67, "fields": {"date": "2021-04-06T16:01:52.074Z", "user": 9, "product": 5, "store": 8, "price": 123, "quantity": 1}}, {"model": "app_product.purchasehistory", "pk": 68, "fields": {"date": "2021-04-06T16:11:54.816Z", "user": 10, "product": 5, "store": 7, "price": 28, "quantity": 1}}, {"model": "app_product.purchasehistory", "pk": 69, "fields": {"date": "2021-04-06T16:14:23.930Z", "user": 11, "product": 5, "store": 7, "price": 28, "quantity": 4}}, {"model": "app_product.purchasehistory", "pk": 70, "fields": {"date": "2021-04-06T16:15:19.243Z", "user": 11, "product": 6, "store": 5, "price": 7, "quantity": 2}}, {"model": "app_product.purchasehistory", "pk": 71, "fields": {"date": "2021-04-06T16:15:52.038Z", "user": 11, "product": 5, "store": 6, "price": 140, "quantity": 10}}, {"model": "app_product.purchasehistory", "pk": 72, "fields": {"date": "2021-04-06T16:23:30.874Z", "user": 12, "product": 5, "store": 6, "price": 140, "quantity": 8}}, {"model": "app_product.purchasehistory", "pk": 73, "fields": {"date": "2021-04-06T16:33:56.696Z", "user": 12, "product": 5, "store": 8, "price": 123, "quantity": 4}}, {"model": "app_product.purchasehistory", "pk": 74, "fields": {"date": "2021-04-06T16:33:56.725Z", "user": 12, "product": 8, "store": 7, "price": 3, "quantity": 1}}, {"model": "app_product.purchasehistory", "pk": 75, "fields": {"date": "2021-04-06T16:33:56.755Z", "user": 12, "product": 10, "store": 5, "price": 87, "quantity": 6}}, {"model": "app_product.purchasehistory", "pk": 76, "fields": {"date": "2021-04-06T16:33:56.784Z", "user": 12, "product": 5, "store": 7, "price": 28, "quantity": 2}}, {"model": "app_product.purchasehistory", "pk": 77, "fields": {"date": "2021-04-06T17:05:00.824Z", "user": 4, "product": 5, "store": 8, "price": 123, "quantity": 2}}, {"model": "app_product.purchasehistory", "pk": 78, "fields": {"date": "2021-04-06T17:05:00.857Z", "user": 4, "product": 8, "store": 5, "price": 111, "quantity": 2}}, {"model": "app_product.purchasehistory", "pk": 79, "fields": {"date": "2021-04-06T17:05:00.890Z", "user": 4, "product": 10, "store": 8, "price": 181, "quantity": 1}}, {"model": "app_product.purchasehistory", "pk": 80, "fields": {"date": "2021-04-06T17:05:00.921Z", "user": 4, "product": 5, "store": 5, "price": 69, "quantity": 15}}, {"model": "app_product.purchasehistory", "pk": 81, "fields": {"date": "2021-04-06T17:07:09.796Z", "user": 4, "product": 6, "store": 5, "price": 7, "quantity": 2}}, {"model": "app_product.purchasehistory", "pk": 82, "fields": {"date": "2021-04-06T17:07:09.826Z", "user": 4, "product": 8, "store": 7, "price": 3, "quantity": 2}}, {"model": "app_product.purchasehistory", "pk": 83, "fields": {"date": "2021-04-06T17:07:09.859Z", "user": 4, "product": 10, "store": 4, "price": 27, "quantity": 2}}, {"model": "app_product.purchasehistory", "pk": 84, "fields": {"date": "2021-04-06T17:07:09.892Z", "user": 4, "product": 5, "store": 7, "price": 28, "quantity": 2}}, {"model": "app_product.purchasehistory", "pk": 85, "fields": {"date": "2021-04-06T19:28:09.786Z", "user": 13, "product": 5, "store": 8, "price": 123, "quantity": 1}}, {"model": "app_product.purchasehistory", "pk": 86, "fields": {"date": "2021-04-06T19:28:38.327Z", "user": 13, "product": 10, "store": 8, "price": 181, "quantity": 2}}, {"model": "app_product.purchasehistory", "pk": 87, "fields": {"date": "2021-04-06T19:28:38.356Z", "user": 13, "product": 10, "store": 4, "price": 27, "quantity": 5}}, {"model": "app_product.purchasehistory", "pk": 88, "fields": {"date": "2021-04-06T19:28:38.387Z", "user": 13, "product": 10, "store": 5, "price": 87, "quantity": 3}}, {"model": "app_product.purchasehistory", "pk": 89, "fields": {"date": "2021-04-06T19:28:38.418Z", "user": 13, "product": 5, "store": 7, "price": 28, "quantity": 7}}, {"model": "app_product.purchasehistory", "pk": 90, "fields": {"date": "2021-04-06T19:28:58.463Z", "user": 4, "product": 6, "store": 5, "price": 7, "quantity": 3}}, {"model": "app_product.purchasehistory", "pk": 91, "fields": {"date": "2021-04-06T19:29:10.811Z", "user": 4, "product": 10, "store": 8, "price": 181, "quantity": 2}}]